{
    "config": 3,
    "clang_size": {
        "size-text": 98741347,
        "size-data": 3005904,
        "size-bss": 453488,
        "size-total": 102200739,
        "wall-time": 46.54029989242554
    },
    "data": {
        "NewPM-O3": {
            "lencod": {
                "instructions": 79656597497,
                "instructions:u": 78019146641,
                "cycles": 54155186783,
                "task-clock": 15053.660000000003,
                "branches": 15411375920,
                "branch-misses": 419229514,
                "max-rss": 3965588,
                "wall-time": 15.370000000000005,
                "size-file": 990680,
                "size-text": 911522,
                "size-data": 15136,
                "size-bss": 108640,
                "size-total": 1035298
            },
            "Bullet": {
                "instructions": 115182866478,
                "instructions:u": 111166179180,
                "cycles": 89116791495,
                "task-clock": 24776.829999999994,
                "branches": 22437933824,
                "branch-misses": 650709210,
                "max-rss": 9218024,
                "wall-time": 25.49,
                "size-file": 1930240,
                "size-text": 909451,
                "size-data": 772680,
                "size-bss": 43440,
                "size-total": 1725571
            },
            "mafft": {
                "instructions": 41852615191,
                "instructions:u": 41017963349,
                "cycles": 30199865881,
                "task-clock": 8394.130000000001,
                "branches": 8101872720,
                "branch-misses": 263933515,
                "max-rss": 2005356,
                "wall-time": 8.589999999999998,
                "size-file": 573264,
                "size-text": 503157,
                "size-data": 9077,
                "size-bss": 132716752,
                "size-total": 133228986
            },
            "tramp3d-v4": {
                "instructions": 102827721015,
                "instructions:u": 102449488292,
                "cycles": 80485203061,
                "task-clock": 22372.75,
                "branches": 20234707263,
                "branch-misses": 616513158,
                "max-rss": 294836,
                "wall-time": 22.419999999999998,
                "size-file": 1386040,
                "size-text": 1038369,
                "size-data": 7448,
                "size-bss": 1456,
                "size-total": 1047273
            },
            "ClamAV": {
                "instructions": 67094350892,
                "instructions:u": 64332858826,
                "cycles": 48828037795,
                "task-clock": 13574.02,
                "branches": 13139329491,
                "branch-misses": 425575674,
                "max-rss": 6843012,
                "wall-time": 14.13,
                "size-file": 889888,
                "size-text": 772514,
                "size-data": 66772,
                "size-bss": 4688,
                "size-total": 843974
            },
            "kimwitu++": {
                "instructions": 47543591557,
                "instructions:u": 46718020713,
                "cycles": 39735623350,
                "task-clock": 11046.390000000001,
                "branches": 9432286535,
                "branch-misses": 304250539,
                "max-rss": 1334392,
                "wall-time": 11.13,
                "size-file": 1380568,
                "size-text": 886495,
                "size-data": 71728,
                "size-bss": 12256,
                "size-total": 970479
            },
            "sqlite3": {
                "instructions": 45235853274,
                "instructions:u": 45065056758,
                "cycles": 34985918998,
                "task-clock": 9725.02,
                "branches": 8907471805,
                "branch-misses": 320190666,
                "max-rss": 236612,
                "wall-time": 9.790000000000001,
                "size-file": 612600,
                "size-text": 563714,
                "size-data": 5671,
                "size-bss": 664,
                "size-total": 570049
            },
            "SPASS": {
                "instructions": 54709857970,
                "instructions:u": 53256823509,
                "cycles": 42714373188,
                "task-clock": 11873.960000000001,
                "branches": 10754178447,
                "branch-misses": 387546813,
                "max-rss": 3630404,
                "wall-time": 12.19,
                "size-file": 718776,
                "size-text": 644371,
                "size-data": 2656,
                "size-bss": 358728,
                "size-total": 1005755
            },
            "7zip": {
                "instructions": 233077424206,
                "instructions:u": 224350718629,
                "cycles": 198695193045,
                "task-clock": 55234.94000000001,
                "branches": 45516810173,
                "branch-misses": 1427204001,
                "max-rss": 17024752,
                "wall-time": 56.699999999999996,
                "size-file": 1615408,
                "size-text": 1244471,
                "size-data": 40136,
                "size-bss": 29344,
                "size-total": 1313951
            },
            "consumer-typeset": {
                "instructions": 42826723952,
                "instructions:u": 41400475683,
                "cycles": 31088340786,
                "task-clock": 8642.100000000004,
                "branches": 8409911316,
                "branch-misses": 256498520,
                "max-rss": 3642120,
                "wall-time": 8.919999999999998,
                "size-file": 607760,
                "size-text": 561935,
                "size-data": 7056,
                "size-bss": 65208,
                "size-total": 634199
            },
            "geomean": {
                "instructions": 70680299726.9877,
                "instructions:u": 68987801087.44629,
                "cycles": 53981160754.43387,
                "task-clock": 15005.936419792211,
                "branches": 13838823607.748434,
                "branch-misses": 438206444.4854614,
                "max-rss": 2524454.1763305445,
                "wall-time": 15.328667758384807,
                "size-file": 978780.5251938433,
                "size-text": 772155.9126137207,
                "size-data": 20932.71824158484,
                "size-bss": 43431.58309369507,
                "size-total": 1580949.9307840196
            }
        },
        "NewPM-ReleaseThinLTO": {
            "lencod": {
                "instructions": 137746911429,
                "instructions:u": 136118628947,
                "cycles": 87281603716,
                "task-clock": 24265.739999999983,
                "branches": 26683474575,
                "branch-misses": 605175155,
                "max-rss": 3551572,
                "wall-time": 15.179999999999998,
                "size-file": 1048664,
                "size-text": 972823,
                "size-data": 15140,
                "size-bss": 106056,
                "size-total": 1094019
            },
            "Bullet": {
                "instructions": 109487602187,
                "instructions:u": 105543551870,
                "cycles": 84561384289,
                "task-clock": 23506.950000000008,
                "branches": 21323896308,
                "branch-misses": 578471357,
                "max-rss": 8360224,
                "wall-time": 30.690000000000005,
                "size-file": 910832,
                "size-text": 392058,
                "size-data": 415224,
                "size-bss": 42336,
                "size-total": 849618
            },
            "mafft": {
                "instructions": 36775366882,
                "instructions:u": 35964889157,
                "cycles": 26246151517,
                "task-clock": 7297.620000000001,