{
    "config": 2,
    "clang_size": {
        "size-text": 94251095,
        "size-data": 4844280,
        "size-bss": 333252,
        "size-total": 99428627
    },
    "data": {
        "NewPM-O0-g": {
            "lencod": {
                "instructions": 14862309485,
                "instructions:u": 13510961982,
                "cycles": 10676378695,
                "task-clock": 2968.969999999999,
                "branches": 2828836451,
                "branch-misses": 53675548,
                "max-rss": 3743536,
                "wall-time": 3.05,
                "size-file": 2025488,
                "size-text": 900346,
                "size-data": 16632,
                "size-bss": 109408,
                "size-total": 1026386
            },
            "Bullet": {
                "instructions": 66985714265,
                "instructions:u": 63340350327,
                "cycles": 51452126390,
                "task-clock": 14303.479999999998,
                "branches": 12781526066,
                "branch-misses": 289391457,
                "max-rss": 9037912,
                "wall-time": 14.539999999999997,
                "size-file": 5329664,
                "size-text": 1184007,
                "size-data": 747920,
                "size-bss": 45552,
                "size-total": 1977479
            },
            "mafft": {
                "instructions": 7679179983,
                "instructions:u": 7006406503,
                "cycles": 5470897742,
                "task-clock": 1521.5100000000002,
                "branches": 1470993756,
                "branch-misses": 27880027,
                "max-rss": 1854164,
                "wall-time": 1.5400000000000003,
                "size-file": 846104,
                "size-text": 434313,
                "size-data": 8941,
                "size-bss": 132727168,
                "size-total": 133170422
            },
            "tramp3d-v4": {
                "instructions": 24112234582,
                "instructions:u": 23439469398,
                "cycles": 20391233826,
                "task-clock": 5668.64,
                "branches": 4532606314,
                "branch-misses": 109654365,
                "max-rss": 550216,
                "wall-time": 5.680000000000001,
                "size-file": 9861064,
                "size-text": 1348217,
                "size-data": 1464,
                "size-bss": 2136,
                "size-total": 1351817
            },
            "ClamAV": {
                "instructions": 16681220776,
                "instructions:u": 14451718987,
                "cycles": 12940221104,
                "task-clock": 3599.2599999999998,
                "branches": 3198634077,
                "branch-misses": 69449365,
                "max-rss": 6415268,
                "wall-time": 3.7499999999999973,
                "size-file": 1640936,
                "size-text": 862049,
                "size-data": 62788,
                "size-bss": 4768,
                "size-total": 929605
            },
            "kimwitu++": {
                "instructions": 27248525845,
                "instructions:u": 26386152310,
                "cycles": 23043646931,
                "task-clock": 6405.96,
                "branches": 5236840350,
                "branch-misses": 138061601,
                "max-rss": 1449316,
                "wall-time": 6.42,
                "size-file": 4326336,
                "size-text": 1337590,
                "size-data": 31280,
                "size-bss": 12640,
                "size-total": 1381510
            },
            "sqlite3": {
                "instructions": 5513090711,
                "instructions:u": 5361307844,
                "cycles": 4053396683,
                "task-clock": 1127,
                "branches": 1037636086,
                "branch-misses": 22105451,
                "max-rss": 265568,
                "wall-time": 1.1300000000000001,
                "size-file": 1036312,
                "size-text": 518046,
                "size-data": 3280,
                "size-bss": 696,
                "size-total": 522022
            },
            "SPASS": {
                "instructions": 16365137152,
                "instructions:u": 15107159505,
                "cycles": 12835396078,
                "task-clock": 3568.56,
                "branches": 3135665526,
                "branch-misses": 71328965,
                "max-rss": 3452900,
                "wall-time": 3.7199999999999993,
                "size-file": 1921272,
                "size-text": 903847,
                "size-data": 920,
                "size-bss": 358776,
                "size-total": 1263543
            },
            "7zip": {
                "instructions": 77449679321,
                "instructions:u": 71198981552,
                "cycles": 63685187318,
                "task-clock": 17705.839999999997,
                "branches": 15063723229,
                "branch-misses": 373796283,
                "max-rss": 15224704,
                "wall-time": 18.02000000000001,
                "size-file": 5886976,
                "size-text": 1341200,
                "size-data": 7816,
                "size-bss": 29440,
                "size-total": 1378456
            },
            "consumer-typeset": {
                "instructions": 14060580720,
                "instructions:u": 12835155648,
                "cycles": 9957482588,
                "task-clock": 2769.2400000000002,
                "branches": 2691607049,
                "branch-misses": 49468654,
                "max-rss": 3496020,
                "wall-time": 2.8499999999999996,
                "size-file": 1566360,
                "size-text": 1007113,
                "size-data": 7512,
                "size-bss": 65264,
                "size-total": 1079889
            },
            "geomean": {
                "instructions": 19568292487.85274,
                "instructions:u": 18190447759.6421,
                "cycles": 15066898680.425493,
                "task-clock": 4189.375324296977,
                "branches": 3738093890.941431,
                "branch-misses": 81715658.85253178,
                "max-rss": 2627176.1224183626,
                "wall-time": 4.270237821980573,
                "size-file": 2552496.8506155256,
                "size-text": 924318.4662061916,
                "size-data": 11893.979865354977,
                "size-bss": 45827.324643270484,
                "size-total": 1846482.3559295863
            }
        },
        "LegacyPM-O0-g": {
            "lencod": {
                "instructions": 14841684729,
                "instructions:u": 13497237668,
                "cycles": 10634896511,
                "task-clock": 2957.780000000001,
                "branches": 2824255513,
                "branch-misses": 53504686,
                "max-rss": 3698228,
                "wall-time": 3.09,
                "size-file": 2025488,
                "size-text": 900346,
                "size-data": 16632,
                "size-bss": 109408,
                "size-total": 1026386
            },
            "Bullet": {
                "instructions": 67074971403,
                "instructions:u": 63308071661,
                "cycles": 51607000114,
                "task-clock": 14346.59,
                "branches": 12802319309,
                "branch-misses": 289425074,
                "max-rss": 8942636,
                "wall-time": 14.569999999999997,
                "size-file": 5329664,
                "size-text": 1184007,
                "size-data": 747920,
                "size-bss": 45552,
                "size-total": 1977479
            },
            "mafft": {
                "instructions": 7672824821,
                "instructions:u": 7004936307,
                "cycles": 5460595965,
                "task-clock": 1518.69,
                "branches": 1470154914,
                "branch-misses": 27847635,