{
    "config": 3,
    "clang_size": {
        "size-text": 102219015,
        "size-data": 3227728,
        "size-bss": 462000,
        "size-total": 105908743,
        "wall-time": 51.383142948150635
    },
    "data": {
        "NewPM-O3": {
            "lencod": {
                "instructions": 71699597868,
                "instructions:u": 70022562666,
                "cycles": 49389474136,
                "task-clock": 13728.939999999995,
                "branches": 13882880898,
                "branch-misses": 397052075,
                "max-rss": 4065116,
                "wall-time": 14.049999999999999,
                "size-file": 986584,
                "size-text": 906750,
                "size-data": 15136,
                "size-bss": 108640,
                "size-total": 1030526
            },
            "Bullet": {
                "instructions": 111210780236,
                "instructions:u": 107063072483,
                "cycles": 87394651464,
                "task-clock": 24297.159999999996,
                "branches": 21703886105,
                "branch-misses": 640339548,
                "max-rss": 9441116,
                "wall-time": 24.979999999999997,
                "size-file": 1930520,
                "size-text": 908915,
                "size-data": 772680,
                "size-bss": 43440,
                "size-total": 1725035
            },
            "mafft": {
                "instructions": 38888365638,
                "instructions:u": 38022373795,
                "cycles": 28214508046,
                "task-clock": 7843.42,
                "branches": 7506790016,
                "branch-misses": 252044833,
                "max-rss": 2054304,
                "wall-time": 7.989999999999999,
                "size-file": 577360,
                "size-text": 504981,
                "size-data": 9077,
                "size-bss": 132716752,
                "size-total": 133230810
            },
            "tramp3d-v4": {
                "instructions": 94952471590,
                "instructions:u": 94567273406,
                "cycles": 75640906823,
                "task-clock": 21027.29,
                "branches": 18640226900,
                "branch-misses": 593144794,
                "max-rss": 300624,
                "wall-time": 21.06,
                "size-file": 1377848,
                "size-text": 1026849,
                "size-data": 7448,
                "size-bss": 1456,
                "size-total": 1035753
            },
            "ClamAV": {
                "instructions": 62277263251,
                "instructions:u": 59418332968,
                "cycles": 45523609517,
                "task-clock": 12656.660000000002,
                "branches": 12131745894,
                "branch-misses": 408237187,
                "max-rss": 7016068,
                "wall-time": 13.299999999999994,
                "size-file": 890024,
                "size-text": 773410,
                "size-data": 66772,
                "size-bss": 4688,
                "size-total": 844870
            },
            "kimwitu++": {
                "instructions": 46054565394,
                "instructions:u": 45204622214,
                "cycles": 39638935043,
                "task-clock": 11019.24,
                "branches": 9127391485,
                "branch-misses": 303339822,
                "max-rss": 1366616,
                "wall-time": 11.120000000000001,
                "size-file": 1380704,
                "size-text": 885019,
                "size-data": 71728,
                "size-bss": 12256,
                "size-total": 969003
            },
            "sqlite3": {
                "instructions": 41427057852,
                "instructions:u": 41255125156,
                "cycles": 32391116860,
                "task-clock": 9003.43,
                "branches": 8114437180,
                "branch-misses": 303652878,
                "max-rss": 242228,
                "wall-time": 9.069999999999999,
                "size-file": 608720,
                "size-text": 563502,
                "size-data": 5671,
                "size-bss": 664,
                "size-total": 569837
            },
            "SPASS": {
                "instructions": 51377490948,
                "instructions:u": 49877811826,
                "cycles": 40541518179,
                "task-clock": 11270.459999999997,
                "branches": 10071416745,
                "branch-misses": 376807260,
                "max-rss": 3728032,
                "wall-time": 11.589999999999996,
                "size-file": 718864,
                "size-text": 643779,
                "size-data": 2656,
                "size-bss": 358728,
                "size-total": 1005163
            },
            "7zip": {
                "instructions": 229232108183,
                "instructions:u": 220069779374,
                "cycles": 198958452833,
                "task-clock": 55311.97000000003,
                "branches": 44926835983,
                "branch-misses": 1422738845,
                "max-rss": 17443928,
                "wall-time": 56.89999999999999,
                "size-file": 1619504,
                "size-text": 1247770,
                "size-data": 40136,
                "size-bss": 29344,
                "size-total": 1317250
            },
            "consumer-typeset": {
                "instructions": 38456674997,
                "instructions:u": 36969596828,
                "cycles": 28213178224,
                "task-clock": 7844.210000000001,
                "branches": 7524478781,
                "branch-misses": 238625951,
                "max-rss": 3738632,
                "wall-time": 8.170000000000002,
                "size-file": 599528,
                "size-text": 553863,
                "size-data": 7056,
                "size-bss": 65208,
                "size-total": 626127
            },
            "geomean": {
                "instructions": 66067761802.00118,
                "instructions:u": 64321350287.63209,
                "cycles": 51147539587.739525,
                "task-clock": 14218.932825409445,
                "branches": 12913750074.693838,
                "branch-misses": 422870883.5905063,
                "max-rss": 2586179.058668876,
                "wall-time": 14.555446686003654,
                "size-file": 976835.5305486172,
                "size-text": 770073.8919473976,
                "size-data": 20932.71824158484,
                "size-bss": 43431.58309369507,
                "size-total": 1576576.512153841
            }
        },
        "NewPM-ReleaseThinLTO": {
            "lencod": {
                "instructions": 123760086031,
                "instructions:u": 122095487506,
                "cycles": 78923587349,
                "task-clock": 21939.05,
                "branches": 23954313710,
                "branch-misses": 565846477,
                "max-rss": 3631600,
                "wall-time": 13.71,
                "size-file": 1048696,
                "size-text": 970150,
                "size-data": 15140,
                "size-bss": 106056,
                "size-total": 1091346
            },
            "Bullet": {
                "instructions": 105429410381,
                "instructions:u": 101371147933,
                "cycles": 82651581542,
                "task-clock": 22978.890000000003,
                "branches": 20556217087,
                "branch-misses": 568003830,
                "max-rss": 8549992,
                "wall-time": 30.020000000000014,
                "size-file": 915064,
                "size-text": 394170,
                "size-data": 415224,
                "size-bss": 42336,
                "size-total": 851730
            },
            "mafft": {
                "instructions": 33861379860,
                "instructions:u": 33019433481,
                "cycles": 24244839528,
                "task-clock": 6739.8,