{
    "config": 2,
    "clang_size": {
        "size-text": 102353554,
        "size-data": 4588448,
        "size-bss": 449552,
        "size-total": 107391554
    },
    "data": {
        "NewPM-O0-g": {
            "lencod": {
                "instructions": 14993318941,
                "instructions:u": 13707335819,
                "cycles": 10973613625,
                "task-clock": 3051.3200000000006,
                "branches": 2841973378,
                "branch-misses": 54654681,
                "max-rss": 3705004,
                "wall-time": 3.14,
                "size-file": 2106080,
                "size-text": 917037,
                "size-data": 16688,
                "size-bss": 109376,
                "size-total": 1043101
            },
            "Bullet": {
                "instructions": 67829368683,
                "instructions:u": 64375362987,
                "cycles": 53796487070,
                "task-clock": 14954.98,
                "branches": 12897141986,
                "branch-misses": 304278592,
                "max-rss": 8968344,
                "wall-time": 15.22,
                "size-file": 5261288,
                "size-text": 1229506,
                "size-data": 772904,
                "size-bss": 45552,
                "size-total": 2047962
            },
            "mafft": {
                "instructions": 7681893907,
                "instructions:u": 7043346146,
                "cycles": 5613051709,
                "task-clock": 1560.67,
                "branches": 1470183895,
                "branch-misses": 28529294,
                "max-rss": 1842428,
                "wall-time": 1.5500000000000003,
                "size-file": 855512,
                "size-text": 431864,
                "size-data": 9005,
                "size-bss": 132727136,
                "size-total": 133168005
            },
            "tramp3d-v4": {
                "instructions": 24587013548,
                "instructions:u": 23971788590,
                "cycles": 21675887963,
                "task-clock": 6025.52,
                "branches": 4624512999,
                "branch-misses": 119557195,
                "max-rss": 416228,
                "wall-time": 6.029999999999999,
                "size-file": 9738496,
                "size-text": 1350735,
                "size-data": 8016,
                "size-bss": 1544,
                "size-total": 1360295
            },
            "ClamAV": {
                "instructions": 16774392547,
                "instructions:u": 14628523677,
                "cycles": 13374318994,
                "task-clock": 3719.699999999999,
                "branches": 3200058941,
                "branch-misses": 70919882,
                "max-rss": 6384036,
                "wall-time": 3.9399999999999977,
                "size-file": 1818344,
                "size-text": 908129,
                "size-data": 68532,
                "size-bss": 4688,
                "size-total": 981349
            },
            "kimwitu++": {
                "instructions": 27321633284,
                "instructions:u": 26550064753,
                "cycles": 23919597227,
                "task-clock": 6648.31,
                "branches": 5230320492,
                "branch-misses": 146124534,
                "max-rss": 1360236,
                "wall-time": 6.71,
                "size-file": 4447472,
                "size-text": 1405962,
                "size-data": 80040,
                "size-bss": 12272,
                "size-total": 1498274
            },
            "sqlite3": {
                "instructions": 5578449420,
                "instructions:u": 5437043773,
                "cycles": 4122675996,
                "task-clock": 1145.9699999999998,
                "branches": 1042769847,
                "branch-misses": 23027793,
                "max-rss": 255348,
                "wall-time": 1.1500000000000001,
                "size-file": 1055240,
                "size-text": 514517,
                "size-data": 6320,
                "size-bss": 664,
                "size-total": 521501
            },
            "SPASS": {
                "instructions": 16369665104,
                "instructions:u": 15183348718,
                "cycles": 13258074974,
                "task-clock": 3686.070000000001,
                "branches": 3120031632,
                "branch-misses": 74401721,
                "max-rss": 3401044,
                "wall-time": 3.7900000000000005,
                "size-file": 1973616,
                "size-text": 905796,
                "size-data": 2800,
                "size-bss": 358744,
                "size-total": 1267340
            },
            "7zip": {
                "instructions": 141931107112,
                "instructions:u": 134927099051,
                "cycles": 127689865817,
                "task-clock": 35494.929999999986,
                "branches": 27387750622,
                "branch-misses": 725008436,
                "max-rss": 16262492,
                "wall-time": 36.00000000000002,
                "size-file": 5852608,
                "size-text": 1394435,
                "size-data": 44848,
                "size-bss": 29408,
                "size-total": 1468691
            },
            "consumer-typeset": {
                "instructions": 14718155645,
                "instructions:u": 13540242331,
                "cycles": 10589478261,
                "task-clock": 2944.6100000000006,
                "branches": 2792241948,
                "branch-misses": 50832868,
                "max-rss": 3484040,
                "wall-time": 3.0799999999999996,
                "size-file": 1721536,
                "size-text": 1086024,
                "size-data": 7816,
                "size-bss": 65232,
                "size-total": 1159072
            },
            "geomean": {
                "instructions": 21014194013.605118,
                "instructions:u": 19682825013.382572,
                "cycles": 16710889718.292934,
                "task-clock": 4645.932884663322,
                "branches": 3995852332.8555236,
                "branch-misses": 90564493.35015619,
                "max-rss": 2533347.282168951,
                "wall-time": 4.738492876119506,
                "size-file": 2627213.489712578,
                "size-text": 949035.2899020683,
                "size-data": 22391.20416260419,
                "size-bss": 43942.20405340143,
                "size-total": 1908220.2991881254
            }
        }
    }
}