{
    "config": 3,
    "clang_size": {
        "size-text": 98028913,
        "size-data": 2975976,
        "size-bss": 449904,
        "size-total": 101454793,
        "wall-time": 44.549912214279175
    },
    "data": {
        "NewPM-O0-g": {
            "lencod": {
                "instructions": 15142701160,
                "instructions:u": 13748207329,
                "cycles": 10488869714,
                "task-clock": 2916.6400000000003,
                "branches": 2824821101,
                "branch-misses": 54994009,
                "max-rss": 3447960,
                "wall-time": 3.2199999999999998,
                "size-file": 2105224,
                "size-text": 916819,
                "size-data": 16688,
                "size-bss": 109376,
                "size-total": 1042883
            },
            "Bullet": {
                "instructions": 70801686943,
                "instructions:u": 66963039770,
                "cycles": 53209613561,
                "task-clock": 14794.87,
                "branches": 13405248777,
                "branch-misses": 305171380,
                "max-rss": 8439028,
                "wall-time": 15.509999999999998,
                "size-file": 5260440,
                "size-text": 1228375,
                "size-data": 772904,
                "size-bss": 45552,
                "size-total": 2046831
            },
            "mafft": {
                "instructions": 7891733637,
                "instructions:u": 7193964296,
                "cycles": 5440217967,
                "task-clock": 1512.78,
                "branches": 1485932229,
                "branch-misses": 28806743,
                "max-rss": 1709332,
                "wall-time": 1.6800000000000004,
                "size-file": 854688,
                "size-text": 431690,
                "size-data": 9005,
                "size-bss": 132727136,
                "size-total": 133167831
            },
            "tramp3d-v4": {
                "instructions": 24098647046,
                "instructions:u": 23478984112,
                "cycles": 21130320456,
                "task-clock": 5875.21,
                "branches": 4505122895,
                "branch-misses": 115911470,
                "max-rss": 416476,
                "wall-time": 5.8999999999999995,
                "size-file": 9751248,
                "size-text": 1355313,
                "size-data": 8032,
                "size-bss": 1544,
                "size-total": 1364889
            },
            "ClamAV": {
                "instructions": 16793928228,
                "instructions:u": 14482440615,
                "cycles": 12559287628,
                "task-clock": 3493.46,
                "branches": 3151656869,
                "branch-misses": 71116923,
                "max-rss": 5901532,
                "wall-time": 4.149999999999996,
                "size-file": 1817216,
                "size-text": 907815,
                "size-data": 68532,
                "size-bss": 4688,
                "size-total": 981035
            },
            "kimwitu++": {
                "instructions": 27371877542,
                "instructions:u": 26501264364,
                "cycles": 23702461571,
                "task-clock": 6590.280000000001,
                "branches": 5219348874,
                "branch-misses": 144739320,
                "max-rss": 1299820,
                "wall-time": 6.67,
                "size-file": 4468240,
                "size-text": 1412260,
                "size-data": 80072,
                "size-bss": 12272,
                "size-total": 1504604
            },
            "sqlite3": {
                "instructions": 5562938005,
                "instructions:u": 5397383265,
                "cycles": 4066520044,
                "task-clock": 1130.58,
                "branches": 1022335235,
                "branch-misses": 22401461,
                "max-rss": 240932,
                "wall-time": 1.1500000000000001,
                "size-file": 1050144,
                "size-text": 514227,
                "size-data": 6320,
                "size-bss": 664,
                "size-total": 521211
            },
            "SPASS": {
                "instructions": 16647572070,
                "instructions:u": 15355214098,
                "cycles": 12717766805,
                "task-clock": 3536.3,
                "branches": 3129564020,
                "branch-misses": 73352357,
                "max-rss": 3151488,
                "wall-time": 3.8199999999999994,
                "size-file": 1972720,
                "size-text": 905615,
                "size-data": 2800,
                "size-bss": 358744,
                "size-total": 1267159
            },
            "7zip": {
                "instructions": 152829802959,
                "instructions:u": 144822338602,
                "cycles": 132508733915,
                "task-clock": 36836.69000000001,
                "branches": 29478254077,
                "branch-misses": 755910974,
                "max-rss": 15436412,
                "wall-time": 38.15000000000003,
                "size-file": 5857872,
                "size-text": 1394093,
                "size-data": 44832,
                "size-bss": 29408,
                "size-total": 1468333
            },
            "consumer-typeset": {
                "instructions": 14732601652,
                "instructions:u": 13456401341,
                "cycles": 10094708350,
                "task-clock": 2807.3000000000006,
                "branches": 2757101373,
                "branch-misses": 50997259,
                "max-rss": 3236216,
                "wall-time": 3.1099999999999994,
                "size-file": 1720632,
                "size-text": 1085777,
                "size-data": 7816,
                "size-bss": 65232,
                "size-total": 1158825
            },
            "geomean": {
                "instructions": 21335417911.169395,
                "instructions:u": 19879436903.574318,
                "cycles": 16296606129.287268,
                "task-clock": 4531.450722375024,
                "branches": 4013431351.265303,
                "branch-misses": 90422126.03487225,
                "max-rss": 2387873.4327836717,
                "wall-time": 4.845983184512713,
                "size-file": 2626922.989415311,
                "size-text": 949482.3689944934,
                "size-data": 22395.765524076764,
                "size-bss": 43942.20405340143,
                "size-total": 1909241.2320390856
            }
        }
    }
}