{
    "config": 3,
    "clang_size": {
        "size-text": 99055254,
        "size-data": 4409896,
        "size-bss": 446288,
        "size-total": 103911438,
        "wall-time": 50.07397794723511
    },
    "data": {
        "NewPM-O3": {
            "lencod": {
                "instructions": 575090030485,
                "instructions:u": 571596959218,
                "cycles": 353358722889,
                "task-clock": 98229.29000000002,
                "branches": 107339350803,
                "branch-misses": 2442615102,
                "max-rss": 5508792,
                "wall-time": 98.59999999999998,
                "size-file": 23155448,
                "size-text": 12407994,
                "size-data": 2122472,
                "size-bss": 9902852,
                "size-total": 24433318
            },
            "Bullet": {
                "instructions": 500550104429,
                "instructions:u": 495140407817,
                "cycles": 333541098079,
                "task-clock": 92718.52,
                "branches": 96618835858,
                "branch-misses": 2544835235,
                "max-rss": 10666488,
                "wall-time": 93.45999999999997,
                "size-file": 20224920,
                "size-text": 9284065,
                "size-data": 1980728,
                "size-bss": 10364436,
                "size-total": 21629229
            },
            "mafft": {
                "instructions": 179997427167,
                "instructions:u": 178489815854,
                "cycles": 116680791801,
                "task-clock": 32435.85,
                "branches": 34179834720,
                "branch-misses": 886421428,
                "max-rss": 2559856,
                "wall-time": 32.60999999999999,
                "size-file": 14439968,
                "size-text": 5190364,
                "size-data": 645976,
                "size-bss": 150500180,
                "size-total": 156336520
            },
            "tramp3d-v4": {
                "instructions": 322601986347,
                "instructions:u": 321591304942,
                "cycles": 248367224991,
                "task-clock": 69042.94,
                "branches": 63151066553,
                "branch-misses": 1822551277,
                "max-rss": 674396,
                "wall-time": 69.11,
                "size-file": 17399896,
                "size-text": 7032878,
                "size-data": 258808,
                "size-bss": 10309108,
                "size-total": 17600794
            },
            "ClamAV": {
                "instructions": 269095453673,
                "instructions:u": 265277453156,
                "cycles": 165592767940,
                "task-clock": 46030.67999999998,
                "branches": 50834802610,
                "branch-misses": 1332136684,
                "max-rss": 7968016,
                "wall-time": 46.54999999999999,
                "size-file": 17370944,
                "size-text": 7243510,
                "size-data": 1413512,
                "size-bss": 9786884,
                "size-total": 18443906
            },
            "kimwitu++": {
                "instructions": 292632516541,
                "instructions:u": 290959457372,
                "cycles": 208883393665,
                "task-clock": 58067.479999999996,
                "branches": 56911744270,
                "branch-misses": 1312834375,
                "max-rss": 1940076,
                "wall-time": 58.22,
                "size-file": 19723024,
                "size-text": 8607695,
                "size-data": 1724472,
                "size-bss": 10329372,
                "size-total": 20661539
            },
            "sqlite3": {
                "instructions": 162097954579,
                "instructions:u": 161435044115,
                "cycles": 121827327922,
                "task-clock": 33871.23,
                "branches": 31428736051,
                "branch-misses": 834005229,
                "max-rss": 551512,
                "wall-time": 33.919999999999995,
                "size-file": 14928552,
                "size-text": 5453472,
                "size-data": 879176,
                "size-bss": 9781460,
                "size-total": 16114108
            },
            "SPASS": {
                "instructions": 201230974007,
                "instructions:u": 199168215632,
                "cycles": 132083536929,
                "task-clock": 36716.999999999985,
                "branches": 39324039756,
                "branch-misses": 1108975201,
                "max-rss": 4226340,
                "wall-time": 37.019999999999996,
                "size-file": 14480312,
                "size-text": 5479207,
                "size-data": 361112,
                "size-bss": 10233212,
                "size-total": 16073531
            },
            "7zip": {
                "instructions": 497990323021,
                "instructions:u": 488515367360,
                "cycles": 363585024508,
                "task-clock": 101073.62999999993,
                "branches": 96362514127,
                "branch-misses": 2760538448,
                "max-rss": 18467560,
                "wall-time": 102.47999999999999,
                "size-file": 18951280,
                "size-text": 8569464,
                "size-data": 1316096,
                "size-bss": 10343868,
                "size-total": 20229428
            },
            "consumer-typeset": {
                "instructions": 1538923502380,
                "instructions:u": 1532862528088,
                "cycles": 1015855048674,
                "task-clock": 282414.82000000007,
                "branches": 268465744479,
                "branch-misses": 6272341110,
                "max-rss": 7493364,
                "wall-time": 283,
                "size-file": 30851864,
                "size-text": 18178541,
                "size-data": 4037280,
                "size-bss": 9866780,
                "size-total": 32082601
            },
            "geomean": {
                "instructions": 356225986002.1568,
                "instructions:u": 353172445315.4167,
                "cycles": 242461911268.22623,
                "task-clock": 67402.43602699206,
                "branches": 67859655318.724785,
                "branch-misses": 1757562393.238576,
                "max-rss": 3718761.3044124814,
                "wall-time": 67.79074520396054,
                "size-file": 18651619.05870095,
                "size-text": 8103096.406244753,
                "size-data": 1111964.8833466507,
                "size-bss": 13231395.464751445,
                "size-total": 24941366.776075464
            }
        },
        "NewPM-ReleaseThinLTO": {
            "lencod": {
                "instructions": 798565437401,
                "instructions:u": 794612717762,
                "cycles": 520420403346,
                "task-clock": 144685.21999999997,
                "branches": 152718426810,
                "branch-misses": 3406195919,
                "max-rss": 4934056,
                "wall-time": 87.76,
                "size-file": 22952048,
                "size-text": 12237554,
                "size-data": 2092528,
                "size-bss": 9900636,
                "size-total": 24230718
            },
            "Bullet": {
                "instructions": 636338081600,
                "instructions:u": 630471039306,
                "cycles": 434251046835,
                "task-clock": 120733.53999999992,
                "branches": 123528531461,
                "branch-misses": 3116093336,
                "max-rss": 9877424,
                "wall-time": 101.49000000000002,
                "size-file": 18464344,
                "size-text": 7833279,
                "size-data": 1728072,
                "size-bss": 10364436,
                "size-total": 19925787
            },
            "mafft": {
                "instructions": 133105716209,