{
    "config": 4,
    "clang_size": {
        "size-file": 124377408,
        "size-text": 103077447,
        "size-data": 3309744,
        "size-bss": 461264,
        "size-total": 106848455,
        "wall-time": 14.745974063873291
    },
    "stage2": {
        "size-file": 124944928,
        "size-text": 103110544,
        "size-data": 3426848,
        "size-bss": 342058,
        "size-total": 106879450,
        "wall-time-full": 521.3396699428558,
        "max-rss": 2585532,
        "wall-time": 516.71,
        "instructions": 31263129014366,
        "instructions:u": 30731693166803,
        "cycles": 36462796500007,
        "task-clock": 7307443.87,
        "branches": 6069930737854,
        "branch-misses": 263684749194,
        "wall-time-sum": 6618.866
    },
    "data": {
        "stage1-O0-g": {
            "consumer-typeset": {
                "instructions": 14766089539,
                "instructions:u": 13352316052,
                "cycles": 8163246081,
                "task-clock": 1581.0000000000005,
                "branches": 2825354353,
                "branch-misses": 46334733,
                "max-rss": 3355748,
                "wall-time": 1.6900000000000008,
                "size-file": 1719760,
                "size-text": 1085681,
                "size-data": 7816,
                "size-bss": 65232,
                "size-total": 1158729
            },
            "kimwitu++": {
                "instructions": 27219316373,
                "instructions:u": 26285009338,
                "cycles": 19216360913,
                "task-clock": 3696.2999999999997,
                "branches": 5248291099,
                "branch-misses": 128414899,
                "max-rss": 1340388,
                "wall-time": 3.74,
                "size-file": 4470352,
                "size-text": 1412094,
                "size-data": 80072,
                "size-bss": 12272,
                "size-total": 1504438
            },
            "7zip": {
                "instructions": 154028642621,
                "instructions:u": 145089860281,
                "cycles": 99170136556,
                "task-clock": 19017.760000000006,
                "branches": 30156271705,
                "branch-misses": 632528133,
                "max-rss": 16006380,
                "wall-time": 19.520000000000028,
                "size-file": 5841120,
                "size-text": 1393789,
                "size-data": 44832,
                "size-bss": 29408,
                "size-total": 1468029
            },
            "SPASS": {
                "instructions": 16694299197,
                "instructions:u": 15270819930,
                "cycles": 10082956952,
                "task-clock": 1948.7200000000003,
                "branches": 3199805208,
                "branch-misses": 65914135,
                "max-rss": 3283632,
                "wall-time": 2.040000000000001,
                "size-file": 1970224,
                "size-text": 905499,
                "size-data": 2792,
                "size-bss": 358648,
                "size-total": 1266939
            },
            "tramp3d-v4": {
                "instructions": 23598732744,
                "instructions:u": 22973131943,
                "cycles": 17651565572,
                "task-clock": 3373.88,
                "branches": 4457025285,
                "branch-misses": 107741435,
                "max-rss": 410844,
                "wall-time": 3.38,
                "size-file": 9711216,
                "size-text": 1351502,
                "size-data": 7968,
                "size-bss": 1544,
                "size-total": 1361014
            },
            "mafft": {
                "instructions": 7904312450,
                "instructions:u": 7157029117,
                "cycles": 4411207790,
                "task-clock": 857.1100000000001,
                "branches": 1519378587,
                "branch-misses": 27169953,
                "max-rss": 1765472,
                "wall-time": 0.9800000000000004,
                "size-file": 853960,
                "size-text": 431674,
                "size-data": 9005,
                "size-bss": 132727136,
                "size-total": 133167815
            },
            "Bullet": {
                "instructions": 71206684511,
                "instructions:u": 66975081209,
                "cycles": 41596606485,
                "task-clock": 8059.44,
                "branches": 13669683723,
                "branch-misses": 281710540,
                "max-rss": 8746100,
                "wall-time": 8.299999999999994,
                "size-file": 5248720,
                "size-text": 1228327,
                "size-data": 772904,
                "size-bss": 45552,
                "size-total": 2046783
            },
            "sqlite3": {
                "instructions": 5476787060,
                "instructions:u": 5304067358,
                "cycles": 3222044414,
                "task-clock": 620.6300000000001,
                "branches": 1017501170,
                "branch-misses": 21662366,
                "max-rss": 248632,
                "wall-time": 0.63,
                "size-file": 1050096,
                "size-text": 514083,
                "size-data": 6320,
                "size-bss": 664,
                "size-total": 521067
            },
            "ClamAV": {
                "instructions": 17004405382,
                "instructions:u": 14407307918,
                "cycles": 10700172445,
                "task-clock": 2069.69,
                "branches": 3287274034,
                "branch-misses": 68249295,
                "max-rss": 6132576,
                "wall-time": 2.2700000000000005,
                "size-file": 1813640,
                "size-text": 907399,
                "size-data": 68532,
                "size-bss": 4688,
                "size-total": 980619
            },
            "lencod": {
                "instructions": 15165916304,
                "instructions:u": 13639124619,
                "cycles": 8624212562,
                "task-clock": 1671.5600000000004,
                "branches": 2892392231,
                "branch-misses": 52063131,
                "max-rss": 3588484,
                "wall-time": 1.8300000000000012,
                "size-file": 2103544,
                "size-text": 915619,
                "size-data": 16688,
                "size-bss": 109376,
                "size-total": 1041683
            },
            "geomean": {
                "instructions": 21318379538.77722,
                "instructions:u": 19726992360.88204,
                "cycles": 13119410643.559076,
                "task-clock": 2532.1760590048925,
                "branches": 4081022232.211206,
                "branch-misses": 83122568.83912452,
                "max-rss": 2462708.827972674,
                "wall-time": 2.665573518735983,
                "size-file": 2623202.114009078,
                "size-text": 948961.0277756037,
                "size-data": 22371.454072431727,
                "size-bss": 43941.02801710208,
                "size-total": 1908231.0702448473
            }
        },
        "stage2-O0-g": {
            "consumer-typeset": {
                "instructions": 13490406270,
                "instructions:u": 12058597585,
                "cycles": 7523943691,
                "task-clock": 1466.3299999999997,
                "branches": 2557932706,
                "branch-misses": 45367668,
                "max-rss": 3434688,
                "wall-time": 1.570000000000001,
                "size-file": 1719760,
                "size-text": 1085681,
                "size-data": 7816,
                "size-bss": 65232,
                "size-total": 1158729
            },
            "kimwitu++": {
                "instructions": 24273982564,
                "instructions:u": 23334049341,
                "cycles": 17572459113,
                "task-clock": 3401.9500000000003,