{
    "config": 3,
    "clang_size": {
        "size-text": 99138136,
        "size-data": 4412320,
        "size-bss": 446256,
        "size-total": 103996712,
        "wall-time": 45.131309032440186
    },
    "data": {
        "NewPM-O3": {
            "lencod": {
                "instructions": 83192436429,
                "instructions:u": 81509943434,
                "cycles": 54975699153,
                "task-clock": 15282.220000000005,
                "branches": 16039462064,
                "branch-misses": 427347818,
                "max-rss": 4136580,
                "wall-time": 15.579999999999997,
                "size-file": 986584,
                "size-text": 909943,
                "size-data": 15136,
                "size-bss": 108640,
                "size-total": 1033719
            },
            "Bullet": {
                "instructions": 116360715725,
                "instructions:u": 112272912814,
                "cycles": 87962244465,
                "task-clock": 24453.420000000002,
                "branches": 22605539170,
                "branch-misses": 651711046,
                "max-rss": 9632180,
                "wall-time": 25.170000000000012,
                "size-file": 1934336,
                "size-text": 911123,
                "size-data": 772680,
                "size-bss": 43440,
                "size-total": 1727243
            },
            "mafft": {
                "instructions": 43269091578,
                "instructions:u": 42415957355,
                "cycles": 30521815508,
                "task-clock": 8484.62,
                "branches": 8356800700,
                "branch-misses": 269695792,
                "max-rss": 2091008,
                "wall-time": 8.649999999999999,
                "size-file": 573264,
                "size-text": 503301,
                "size-data": 9077,
                "size-bss": 132716752,
                "size-total": 133229130
            },
            "tramp3d-v4": {
                "instructions": 105779825290,
                "instructions:u": 105403566096,
                "cycles": 81807728107,
                "task-clock": 22741.440000000002,
                "branches": 20759588797,
                "branch-misses": 629778156,
                "max-rss": 302408,
                "wall-time": 22.77,
                "size-file": 1394232,
                "size-text": 1044457,
                "size-data": 7448,
                "size-bss": 1456,
                "size-total": 1053361
            },
            "ClamAV": {
                "instructions": 68790577471,
                "instructions:u": 66001168366,
                "cycles": 49226218287,
                "task-clock": 13685.630000000001,
                "branches": 13418869666,
                "branch-misses": 438399676,
                "max-rss": 7152092,
                "wall-time": 14.269999999999996,
                "size-file": 889888,
                "size-text": 772282,
                "size-data": 66772,
                "size-bss": 4688,
                "size-total": 843742
            },
            "kimwitu++": {
                "instructions": 48030127240,
                "instructions:u": 47230810530,
                "cycles": 40055306097,
                "task-clock": 11135.33,
                "branches": 9508418071,
                "branch-misses": 306796729,
                "max-rss": 1384504,
                "wall-time": 11.23,
                "size-file": 1384664,
                "size-text": 888719,
                "size-data": 71728,
                "size-bss": 12256,
                "size-total": 972703
            },
            "sqlite3": {
                "instructions": 48401784301,
                "instructions:u": 48231177951,
                "cycles": 37144075774,
                "task-clock": 10324.59,
                "branches": 9525663676,
                "branch-misses": 338228240,
                "max-rss": 245204,
                "wall-time": 10.35,
                "size-file": 612648,
                "size-text": 566074,
                "size-data": 5671,
                "size-bss": 664,
                "size-total": 572409
            },
            "SPASS": {
                "instructions": 56323966080,
                "instructions:u": 54851464056,
                "cycles": 43095509085,
                "task-clock": 11979.25,
                "branches": 11053532344,
                "branch-misses": 398157852,
                "max-rss": 3796500,
                "wall-time": 12.280000000000001,
                "size-file": 723040,
                "size-text": 647131,
                "size-data": 2656,
                "size-bss": 358728,
                "size-total": 1008515
            },
            "7zip": {
                "instructions": 234933394081,
                "instructions:u": 226387222125,
                "cycles": 195787407746,
                "task-clock": 54430.15999999996,
                "branches": 45772468660,
                "branch-misses": 1436603475,
                "max-rss": 17709708,
                "wall-time": 55.91000000000001,
                "size-file": 1619584,
                "size-text": 1247267,
                "size-data": 40136,
                "size-bss": 29344,
                "size-total": 1316747
            },
            "consumer-typeset": {
                "instructions": 43459641693,
                "instructions:u": 41955970704,
                "cycles": 30846831187,
                "task-clock": 8574.659999999998,
                "branches": 8505511296,
                "branch-misses": 259945396,
                "max-rss": 3799920,
                "wall-time": 8.91,
                "size-file": 603656,
                "size-text": 556715,
                "size-data": 7152,
                "size-bss": 65208,
                "size-total": 629075
            },
            "geomean": {
                "instructions": 72612251585.4452,
                "instructions:u": 70889333951.6967,
                "cycles": 54475912941.577805,
                "task-clock": 15143.641715443482,
                "branches": 14181392446.35742,
                "branch-misses": 447208807.22612065,
                "max-rss": 2626599.8213491547,
                "wall-time": 15.467279907656204,
                "size-file": 979625.7208394271,
                "size-text": 772913.2815844471,
                "size-data": 20961.02525149738,
                "size-bss": 43431.58309369507,
                "size-total": 1582237.1852955257
            }
        },
        "NewPM-ReleaseThinLTO": {
            "lencod": {
                "instructions": 144045615845,
                "instructions:u": 142374103846,
                "cycles": 90038981660,
                "task-clock": 25031.410000000003,
                "branches": 27810240661,
                "branch-misses": 619761222,
                "max-rss": 3731336,
                "wall-time": 14.880000000000003,
                "size-file": 1052776,
                "size-text": 976310,
                "size-data": 15140,
                "size-bss": 106056,
                "size-total": 1097506
            },
            "Bullet": {
                "instructions": 110350561413,
                "instructions:u": 106351826536,
                "cycles": 83606128992,
                "task-clock": 23246.040000000008,
                "branches": 21434343797,
                "branch-misses": 577782693,
                "max-rss": 8736740,
                "wall-time": 31.230000000000008,
                "size-file": 914968,
                "size-text": 394258,
                "size-data": 415224,
                "size-bss": 42336,
                "size-total": 851818
            },
            "mafft": {
                "instructions": 37970233126,
                "instructions:u": 37143036502,
                "cycles": 26572719928,
                "task-clock": 7386.9800000000005,