{
    "config": 3,
    "clang_size": {
        "size-text": 98028977,
        "size-data": 2975976,
        "size-bss": 449904,
        "size-total": 101454857,
        "wall-time": 44.04370999336243
    },
    "data": {
        "NewPM-O3": {
            "lencod": {
                "instructions": 81624786368,
                "instructions:u": 80050029107,
                "cycles": 54533602563,
                "task-clock": 15158.839999999995,
                "branches": 15779947518,
                "branch-misses": 425544279,
                "max-rss": 3966116,
                "wall-time": 15.43,
                "size-file": 990680,
                "size-text": 911359,
                "size-data": 15136,
                "size-bss": 108640,
                "size-total": 1035135
            },
            "Bullet": {
                "instructions": 116104018196,
                "instructions:u": 112210654733,
                "cycles": 88105534055,
                "task-clock": 24494.930000000004,
                "branches": 22605555303,
                "branch-misses": 652672120,
                "max-rss": 9215020,
                "wall-time": 25.20000000000001,
                "size-file": 1930240,
                "size-text": 908227,
                "size-data": 772680,
                "size-bss": 43440,
                "size-total": 1724347
            },
            "mafft": {
                "instructions": 42476277452,
                "instructions:u": 41673524383,
                "cycles": 30254995631,
                "task-clock": 8408.92,
                "branches": 8219297426,
                "branch-misses": 267005133,
                "max-rss": 2007152,
                "wall-time": 8.579999999999998,
                "size-file": 573264,
                "size-text": 502677,
                "size-data": 9077,
                "size-bss": 132716752,
                "size-total": 133228506
            },
            "tramp3d-v4": {
                "instructions": 104693972309,
                "instructions:u": 104305260637,
                "cycles": 80602952006,
                "task-clock": 22404.66,
                "branches": 20591691853,
                "branch-misses": 623796451,
                "max-rss": 298392,
                "wall-time": 22.439999999999998,
                "size-file": 1386040,
                "size-text": 1035257,
                "size-data": 7448,
                "size-bss": 1456,
                "size-total": 1044161
            },
            "ClamAV": {
                "instructions": 68281390158,
                "instructions:u": 65668327472,
                "cycles": 48777594555,
                "task-clock": 13559.550000000001,
                "branches": 13352794701,
                "branch-misses": 434836553,
                "max-rss": 6831700,
                "wall-time": 14.179999999999998,
                "size-file": 885792,
                "size-text": 768234,
                "size-data": 66772,
                "size-bss": 4688,
                "size-total": 839694
            },
            "kimwitu++": {
                "instructions": 48053028592,
                "instructions:u": 47274862948,
                "cycles": 39915440732,
                "task-clock": 11097.23,
                "branches": 9533561886,
                "branch-misses": 306070085,
                "max-rss": 1339148,
                "wall-time": 11.2,
                "size-file": 1380568,
                "size-text": 886423,
                "size-data": 71728,
                "size-bss": 12256,
                "size-total": 970407
            },
            "sqlite3": {
                "instructions": 46125390440,
                "instructions:u": 45956449640,
                "cycles": 35379380807,
                "task-clock": 9833.5,
                "branches": 9081250922,
                "branch-misses": 325004670,
                "max-rss": 239932,
                "wall-time": 9.860000000000001,
                "size-file": 608552,
                "size-text": 562842,
                "size-data": 5671,
                "size-bss": 664,
                "size-total": 569177
            },
            "SPASS": {
                "instructions": 55841233229,
                "instructions:u": 54447237626,
                "cycles": 42801807159,
                "task-clock": 11897.369999999999,
                "branches": 10974349772,
                "branch-misses": 395466207,
                "max-rss": 3630656,
                "wall-time": 12.219999999999999,
                "size-file": 723040,
                "size-text": 647787,
                "size-data": 2656,
                "size-bss": 358728,
                "size-total": 1009171
            },
            "7zip": {
                "instructions": 234781059313,
                "instructions:u": 226600461919,
                "cycles": 196508779896,
                "task-clock": 54628.92999999997,
                "branches": 45813924214,
                "branch-misses": 1436434184,
                "max-rss": 17029716,
                "wall-time": 56.050000000000026,
                "size-file": 1615408,
                "size-text": 1244459,
                "size-data": 40136,
                "size-bss": 29344,
                "size-total": 1313939
            },
            "consumer-typeset": {
                "instructions": 43073445789,
                "instructions:u": 41690037235,
                "cycles": 30790111792,
                "task-clock": 8558.810000000001,
                "branches": 8448153624,
                "branch-misses": 256613905,
                "max-rss": 3637888,
                "wall-time": 8.879999999999999,
                "size-file": 603624,
                "size-text": 556147,
                "size-data": 7056,
                "size-bss": 65208,
                "size-total": 628411
            },
            "geomean": {
                "instructions": 71722072145.38977,
                "instructions:u": 70099733392.32083,
                "cycles": 53953326783.57108,
                "task-clock": 14997.80070979032,
                "branches": 14034464917.235123,
                "branch-misses": 443089455.9133911,
                "max-rss": 2531463.385335618,
                "wall-time": 15.321834128581358,
                "size-file": 977591.3367809968,
                "size-text": 770787.1296278634,
                "size-data": 20932.71824158484,
                "size-bss": 43431.58309369507,
                "size-total": 1578371.5135340495
            }
        },
        "NewPM-ReleaseThinLTO": {
            "lencod": {
                "instructions": 140508013526,
                "instructions:u": 138948109425,
                "cycles": 88589530539,
                "task-clock": 24630.680000000004,
                "branches": 27203529088,
                "branch-misses": 614448185,
                "max-rss": 3549992,
                "wall-time": 15.529999999999996,
                "size-file": 1052752,
                "size-text": 974350,
                "size-data": 15140,
                "size-bss": 106056,
                "size-total": 1095546
            },
            "Bullet": {
                "instructions": 110421273659,
                "instructions:u": 106656418654,
                "cycles": 83985027380,
                "task-clock": 23347.52999999999,
                "branches": 21500458436,
                "branch-misses": 579845314,
                "max-rss": 8325892,
                "wall-time": 31.07,
                "size-file": 910848,
                "size-text": 391898,
                "size-data": 415224,
                "size-bss": 42336,
                "size-total": 849458
            },
            "mafft": {
                "instructions": 37420722446,
                "instructions:u": 36642812473,
                "cycles": 26374651423,
                "task-clock": 7332.58,