{
    "config": 3,
    "clang_size": {
        "size-text": 99158113,
        "size-data": 3007152,
        "size-bss": 455856,
        "size-total": 102621121,
        "wall-time": 48.246315002441406
    },
    "data": {
        "NewPM-O0-g": {
            "lencod": {
                "instructions": 15093086346,
                "instructions:u": 13633161401,
                "cycles": 10385310214,
                "task-clock": 2888.0499999999993,
                "branches": 2820047027,
                "branch-misses": 55442684,
                "max-rss": 3458900,
                "wall-time": 3.1699999999999995,
                "size-file": 2105224,
                "size-text": 915619,
                "size-data": 16688,
                "size-bss": 109376,
                "size-total": 1041683
            },
            "Bullet": {
                "instructions": 70320262647,
                "instructions:u": 66279946158,
                "cycles": 52979278547,
                "task-clock": 14730.779999999995,
                "branches": 13387493489,
                "branch-misses": 305663574,
                "max-rss": 8488736,
                "wall-time": 15.510000000000002,
                "size-file": 5257888,
                "size-text": 1228327,
                "size-data": 772904,
                "size-bss": 45552,
                "size-total": 2046783
            },
            "mafft": {
                "instructions": 7866655168,
                "instructions:u": 7141231912,
                "cycles": 5374778651,
                "task-clock": 1494.6699999999998,
                "branches": 1483068388,
                "branch-misses": 29103289,
                "max-rss": 1720028,
                "wall-time": 1.6400000000000003,
                "size-file": 854688,
                "size-text": 431674,
                "size-data": 9005,
                "size-bss": 132727136,
                "size-total": 133167815
            },
            "tramp3d-v4": {
                "instructions": 23970467252,
                "instructions:u": 23348751005,
                "cycles": 21098181457,
                "task-clock": 5866.049999999999,
                "branches": 4498028251,
                "branch-misses": 115259584,
                "max-rss": 415196,
                "wall-time": 5.88,
                "size-file": 9751664,
                "size-text": 1355313,
                "size-data": 8032,
                "size-bss": 1544,
                "size-total": 1364889
            },
            "ClamAV": {
                "instructions": 16880240992,
                "instructions:u": 14422404021,
                "cycles": 12557140967,
                "task-clock": 3492.5400000000004,
                "branches": 3172760362,
                "branch-misses": 72346090,
                "max-rss": 5930812,
                "wall-time": 4.109999999999996,
                "size-file": 1817216,
                "size-text": 907415,
                "size-data": 68532,
                "size-bss": 4688,
                "size-total": 980635
            },
            "kimwitu++": {
                "instructions": 27158255240,
                "instructions:u": 26234516275,
                "cycles": 23469348482,
                "task-clock": 6524.549999999999,
                "branches": 5197813744,
                "branch-misses": 144876668,
                "max-rss": 1302832,
                "wall-time": 6.6000000000000005,
                "size-file": 4467744,
                "size-text": 1412100,
                "size-data": 80072,
                "size-bss": 12272,
                "size-total": 1504444
            },
            "sqlite3": {
                "instructions": 5477868757,
                "instructions:u": 5312621062,
                "cycles": 3962086842,
                "task-clock": 1101.7,
                "branches": 1009228469,
                "branch-misses": 22549354,
                "max-rss": 240528,
                "wall-time": 1.12,
                "size-file": 1050144,
                "size-text": 514083,
                "size-data": 6320,
                "size-bss": 664,
                "size-total": 521067
            },
            "SPASS": {
                "instructions": 16640487848,
                "instructions:u": 15281843097,
                "cycles": 12654429145,
                "task-clock": 3518.27,
                "branches": 3136226485,
                "branch-misses": 74386665,
                "max-rss": 3175360,
                "wall-time": 3.8,
                "size-file": 1972720,
                "size-text": 905583,
                "size-data": 2800,
                "size-bss": 358744,
                "size-total": 1267127
            },
            "7zip": {
                "instructions": 152605653987,
                "instructions:u": 144061795708,
                "cycles": 131812964510,
                "task-clock": 36640.159999999996,
                "branches": 29546404345,
                "branch-misses": 762046221,
                "max-rss": 15511016,
                "wall-time": 37.89000000000003,
                "size-file": 5854408,
                "size-text": 1393789,
                "size-data": 44832,
                "size-bss": 29408,
                "size-total": 1468029
            },
            "consumer-typeset": {
                "instructions": 14677051936,
                "instructions:u": 13355791135,
                "cycles": 10015243808,
                "task-clock": 2785.2000000000007,
                "branches": 2755820154,
                "branch-misses": 51442481,
                "max-rss": 3252608,
                "wall-time": 3.039999999999999,
                "size-file": 1720624,
                "size-text": 1085681,
                "size-data": 7816,
                "size-bss": 65232,
                "size-total": 1158729
            },
            "geomean": {
                "instructions": 21245124451.187595,
                "instructions:u": 19722543613.362984,
                "cycles": 16163332707.689436,
                "task-clock": 4494.299127671814,
                "branches": 4008251265.913018,
                "branch-misses": 91055314.32313117,
                "max-rss": 2396295.028485579,
                "wall-time": 4.785945843840484,
                "size-file": 2626620.9723217865,
                "size-text": 949239.1616782143,
                "size-data": 22395.765524076764,
                "size-bss": 43942.20405340143,
                "size-total": 1908805.873807497
            }
        }
    }
}