{
    "config": 3,
    "clang_size": {
        "size-text": 98741619,
        "size-data": 3005904,
        "size-bss": 453488,
        "size-total": 102201011,
        "wall-time": 48.259357213974
    },
    "data": {
        "NewPM-O3": {
            "lencod": {
                "instructions": 78155836402,
                "instructions:u": 76505697303,
                "cycles": 53390111195,
                "task-clock": 14842.519999999997,
                "branches": 15125336116,
                "branch-misses": 417566571,
                "max-rss": 3964080,
                "wall-time": 15.200000000000001,
                "size-file": 990680,
                "size-text": 911586,
                "size-data": 15136,
                "size-bss": 108640,
                "size-total": 1035362
            },
            "Bullet": {
                "instructions": 114838730348,
                "instructions:u": 110823446134,
                "cycles": 89005544715,
                "task-clock": 24741.709999999992,
                "branches": 22371997371,
                "branch-misses": 650385384,
                "max-rss": 9224536,
                "wall-time": 25.45,
                "size-file": 1930240,
                "size-text": 909499,
                "size-data": 772680,
                "size-bss": 43440,
                "size-total": 1725619
            },
            "mafft": {
                "instructions": 41616541866,
                "instructions:u": 40781325131,
                "cycles": 30106541091,
                "task-clock": 8369.93,
                "branches": 8056240713,
                "branch-misses": 263574600,
                "max-rss": 2001096,
                "wall-time": 8.539999999999997,
                "size-file": 573264,
                "size-text": 503157,
                "size-data": 9077,
                "size-bss": 132716752,
                "size-total": 133228986
            },
            "tramp3d-v4": {
                "instructions": 102251610407,
                "instructions:u": 101868102852,
                "cycles": 79859523531,
                "task-clock": 22200.760000000002,
                "branches": 20119382118,
                "branch-misses": 612505102,
                "max-rss": 295380,
                "wall-time": 22.27,
                "size-file": 1386040,
                "size-text": 1038369,
                "size-data": 7448,
                "size-bss": 1456,
                "size-total": 1047273
            },
            "ClamAV": {
                "instructions": 66983868053,
                "instructions:u": 64193698769,
                "cycles": 48930666877,
                "task-clock": 13603.529999999999,
                "branches": 13117308210,
                "branch-misses": 425443067,
                "max-rss": 6832592,
                "wall-time": 14.24,
                "size-file": 889888,
                "size-text": 772514,
                "size-data": 66772,
                "size-bss": 4688,
                "size-total": 843974
            },
            "kimwitu++": {
                "instructions": 47459140110,
                "instructions:u": 46632045904,
                "cycles": 39960477684,
                "task-clock": 11108.63,
                "branches": 9415850232,
                "branch-misses": 301964273,
                "max-rss": 1333424,
                "wall-time": 11.24,
                "size-file": 1380568,
                "size-text": 886495,
                "size-data": 71728,
                "size-bss": 12256,
                "size-total": 970479
            },
            "sqlite3": {
                "instructions": 44974551730,
                "instructions:u": 44805919253,
                "cycles": 34885395573,
                "task-clock": 9696.980000000001,
                "branches": 8856552479,
                "branch-misses": 319160323,
                "max-rss": 236264,
                "wall-time": 9.72,
                "size-file": 612600,
                "size-text": 563714,
                "size-data": 5671,
                "size-bss": 664,
                "size-total": 570049
            },
            "SPASS": {
                "instructions": 54501794039,
                "instructions:u": 53060365934,
                "cycles": 42550038529,
                "task-clock": 11828.430000000002,
                "branches": 10714919579,
                "branch-misses": 386795843,
                "max-rss": 3629392,
                "wall-time": 12.109999999999998,
                "size-file": 718776,
                "size-text": 644371,
                "size-data": 2656,
                "size-bss": 358728,
                "size-total": 1005755
            },
            "7zip": {
                "instructions": 232662878839,
                "instructions:u": 223941290117,
                "cycles": 198882018812,
                "task-clock": 55289.270000000004,
                "branches": 45435476188,
                "branch-misses": 1425016390,
                "max-rss": 17027576,
                "wall-time": 56.81,
                "size-file": 1615408,
                "size-text": 1244367,
                "size-data": 40136,
                "size-bss": 29344,
                "size-total": 1313847
            },
            "consumer-typeset": {
                "instructions": 42583359205,
                "instructions:u": 41149821781,
                "cycles": 30990476932,
                "task-clock": 8616.050000000001,
                "branches": 8361612387,
                "branch-misses": 255720240,
                "max-rss": 3642060,
                "wall-time": 8.94,
                "size-file": 607760,
                "size-text": 561935,
                "size-data": 7056,
                "size-bss": 65208,
                "size-total": 634199
            },
            "geomean": {
                "instructions": 70301091645.1877,
                "instructions:u": 68605820342.95097,
                "cycles": 53832489708.08888,
                "task-clock": 14965.29152570523,
                "branches": 13765119511.493525,
                "branch-misses": 436896175.7605553,
                "max-rss": 2523493.0094192466,
                "wall-time": 15.302269553321493,
                "size-file": 978780.5251938433,
                "size-text": 772158.9560211088,
                "size-data": 20932.71824158484,
                "size-bss": 43431.58309369507,
                "size-total": 1580951.5874317582
            }
        },
        "NewPM-ReleaseThinLTO": {
            "lencod": {
                "instructions": 134653089029,
                "instructions:u": 133038635813,
                "cycles": 85723738822,
                "task-clock": 23832.269999999986,
                "branches": 26094746797,
                "branch-misses": 599258763,
                "max-rss": 3554420,
                "wall-time": 15.009999999999998,
                "size-file": 1048664,
                "size-text": 972695,
                "size-data": 15140,
                "size-bss": 106056,
                "size-total": 1093891
            },
            "Bullet": {
                "instructions": 108879173772,
                "instructions:u": 104948589080,
                "cycles": 84234815861,
                "task-clock": 23420.089999999997,
                "branches": 21204776756,
                "branch-misses": 577696990,
                "max-rss": 8358764,
                "wall-time": 30.83,
                "size-file": 910832,
                "size-text": 392058,
                "size-data": 415224,
                "size-bss": 42336,
                "size-total": 849618
            },
            "mafft": {
                "instructions": 36393646456,
                "instructions:u": 35579662627,
                "cycles": 25952605238,
                "task-clock": 7215.719999999999,
                "branches": 7082421726,