{
    "config": 6,
    "clang_size": {
        "size-file": 157755696,
        "size-text": 133176113,
        "size-data": 2463620,
        "size-bss": 676981,
        "size-total": 136316714,
        "wall-time": 28.77680015563965
    },
    "stage2": {
        "size-file": 138566792,
        "size-text": 116345303,
        "size-data": 2364420,
        "size-bss": 507330,
        "size-total": 119217053,
        "wall-time-full": 366.62881207466125,
        "max-rss": 2503244,
        "wall-time": 361.96,
        "instructions": 21795147928156,
        "instructions:u": 21428711046021,
        "cycles": 23631314430429,
        "task-clock": 4807691.98,
        "branches": 4159426269096,
        "branch-misses": 182194994027,
        "wall-time-sum": 4094.929
    },
    "data": []
}