{
    "config": 5,
    "clang_size": {
        "size-file": 138271408,
        "size-text": 115454820,
        "size-data": 3645384,
        "size-bss": 596488,
        "size-total": 119696692,
        "wall-time": 32.20790195465088
    },
    "stage2": {
        "size-file": 129866976,
        "size-text": 108066300,
        "size-data": 3776848,
        "size-bss": 459506,
        "size-total": 112302654,
        "wall-time-full": 568.0468668937683,
        "max-rss": 2493736,
        "wall-time": 563.6,
        "instructions": 33456263518452,
        "instructions:u": 32855159778509,
        "cycles": 40056518512092,
        "task-clock": 8126818.13,
        "branches": 6392407186627,
        "branch-misses": 285401800603,
        "wall-time-sum": 7482.046
    },
    "data": {
        "stage1-O0-g": {
            "Bullet": {
                "instructions": 70071277675.5,
                "instructions:u": 65366886877,
                "cycles": 41020498064,
                "task-clock": 8130.395,
                "branches": 13313058770.5,
                "branch-misses": 267312329.5,
                "max-rss": 9533274,
                "wall-time": 8.169999999999991,
                "size-file": 5204744,
                "size-text": 1190840,
                "size-data": 772904,
                "size-bss": 45552,
                "size-total": 2009296
            },
            "7zip": {
                "instructions": 154425301827.5,
                "instructions:u": 144312864911.5,
                "cycles": 99556037289,
                "task-clock": 19661.260000000002,
                "branches": 29555451864,
                "branch-misses": 624015438.5,
                "max-rss": 17302724,
                "wall-time": 19.780000000000022,
                "size-file": 5756472,
                "size-text": 1321925,
                "size-data": 44840,
                "size-bss": 29408,
                "size-total": 1396173
            },
            "ClamAV": {
                "instructions": 16769213377,
                "instructions:u": 13874856427,
                "cycles": 10667703341.5,
                "task-clock": 2111.0249999999996,
                "branches": 3175965105.5,
                "branch-misses": 65321997.5,
                "max-rss": 6729442,
                "wall-time": 2.2000000000000006,
                "size-file": 1746576,
                "size-text": 853111,
                "size-data": 68532,
                "size-bss": 4688,
                "size-total": 926331
            },
            "lencod": {
                "instructions": 14624979805.5,
                "instructions:u": 12932185929,
                "cycles": 8494542731,
                "task-clock": 1683.4400000000005,
                "branches": 2756040625.5,
                "branch-misses": 49874135,
                "max-rss": 3907600,
                "wall-time": 1.7400000000000009,
                "size-file": 2053560,
                "size-text": 876732,
                "size-data": 16688,
                "size-bss": 109376,
                "size-total": 1002796
            },
            "mafft": {
                "instructions": 7663774785.5,
                "instructions:u": 6841574508,
                "cycles": 4385822988.5,
                "task-clock": 868.8199999999999,
                "branches": 1460267862.5,
                "branch-misses": 25936505.5,
                "max-rss": 1935592,
                "wall-time": 0.8700000000000002,
                "size-file": 824936,
                "size-text": 406843,
                "size-data": 9005,
                "size-bss": 132727136,
                "size-total": 133142984
            },
            "consumer-typeset": {
                "instructions": 14238083236,
                "instructions:u": 12723584566,
                "cycles": 7966867869.5,
                "task-clock": 1578.5800000000004,
                "branches": 2696157252,
                "branch-misses": 43949697.5,
                "max-rss": 3638586,
                "wall-time": 1.6100000000000008,
                "size-file": 1656240,
                "size-text": 1033153,
                "size-data": 7816,
                "size-bss": 65232,
                "size-total": 1106201
            },
            "sqlite3": {
                "instructions": 5034973379,
                "instructions:u": 4852511007,
                "cycles": 3019379281.5,
                "task-clock": 596.6450000000001,
                "branches": 928533627,
                "branch-misses": 20058400,
                "max-rss": 264024,
                "wall-time": 0.5950000000000001,
                "size-file": 1006544,
                "size-text": 479907,
                "size-data": 6320,
                "size-bss": 664,
                "size-total": 486891
            },
            "kimwitu++": {
                "instructions": 26230064431,
                "instructions:u": 25205045349,
                "cycles": 18461715297,
                "task-clock": 3643.9949999999994,
                "branches": 4959526898,
                "branch-misses": 123857794.5,
                "max-rss": 1444126,
                "wall-time": 3.675,
                "size-file": 4428088,
                "size-text": 1369652,
                "size-data": 80072,
                "size-bss": 12272,
                "size-total": 1461996
            },
            "SPASS": {
                "instructions": 16216300019,
                "instructions:u": 14628812321,
                "cycles": 9881980743,
                "task-clock": 1959.1099999999994,
                "branches": 3077282833,
                "branch-misses": 61671646,
                "max-rss": 3564926,
                "wall-time": 2.0350000000000006,
                "size-file": 1922536,
                "size-text": 865387,
                "size-data": 2792,
                "size-bss": 358648,
                "size-total": 1226827
            },
            "tramp3d-v4": {
                "instructions": 22047779655.5,
                "instructions:u": 21408626974,
                "cycles": 16406814737,
                "task-clock": 3203.87,
                "branches": 4125834081.5,
                "branch-misses": 100733302,
                "max-rss": 428658,
                "wall-time": 3.1999999999999997,
                "size-file": 9692600,
                "size-text": 1335430,
                "size-data": 7976,
                "size-bss": 1544,
                "size-total": 1344950
            },
            "geomean": {
                "instructions": 20586730959.042168,
                "instructions:u": 18843348163.755787,
                "cycles": 12786969160.640228,
                "task-clock": 2527.3406936342517,
                "branches": 3889709427.982978,
                "branch-misses": 79076870.76444331,
                "max-rss": 2660971.4317196785,
                "wall-time": 2.5652246838385846,
                "size-file": 2562216.3363078716,
                "size-text": 906801.6329081316,
                "size-data": 22374.09840129762,
                "size-bss": 43941.02801710208,
                "size-total": 1842460.4217184219
            }
        },
        "stage2-O0-g": {
            "Bullet": {
                "instructions": 62030282826.5,
                "instructions:u": 57362922945,
                "cycles": 36828187794.5,
                "task-clock": 7292.814999999999,
                "branches": 11510192819.5,
                "branch-misses": 257120649,
                "max-rss": 9414296,
                "wall-time": 7.394999999999995,
                "size-file": 5204744,
                "size-text": 1190840,
                "size-data": 772904,
                "size-bss": 45552,
                "size-total": 2009296
            },
            "7zip": {
                "instructions": 138692498379.5,
                "instructions:u": 128623920269,