{
    "config": 2,
    "clang_size": {
        "size-text": 102254878,
        "size-data": 4587272,
        "size-bss": 449088,
        "size-total": 107291238
    },
    "data": {
        "NewPM-O0-g": {
            "lencod": {
                "instructions": 15028327926,
                "instructions:u": 13732345432,
                "cycles": 11037353131,
                "task-clock": 3069.0699999999997,
                "branches": 2848728882,
                "branch-misses": 54788585,
                "max-rss": 3722352,
                "wall-time": 3.1499999999999995,
                "size-file": 2106080,
                "size-text": 917037,
                "size-data": 16688,
                "size-bss": 109376,
                "size-total": 1043101
            },
            "Bullet": {
                "instructions": 67884240664,
                "instructions:u": 64400265860,
                "cycles": 53738390919,
                "task-clock": 14939.54,
                "branches": 12905320461,
                "branch-misses": 304049192,
                "max-rss": 8990836,
                "wall-time": 15.209999999999999,
                "size-file": 5261288,
                "size-text": 1229506,
                "size-data": 772904,
                "size-bss": 45552,
                "size-total": 2047962
            },
            "mafft": {
                "instructions": 7693425044,
                "instructions:u": 7048795553,
                "cycles": 5619026459,
                "task-clock": 1562.5100000000002,
                "branches": 1471593769,
                "branch-misses": 28678609,
                "max-rss": 1844476,
                "wall-time": 1.6200000000000003,
                "size-file": 855512,
                "size-text": 431864,
                "size-data": 9005,
                "size-bss": 132727136,
                "size-total": 133168005
            },
            "tramp3d-v4": {
                "instructions": 24524372157,
                "instructions:u": 23936133441,
                "cycles": 21658677339,
                "task-clock": 6020.24,
                "branches": 4612063426,
                "branch-misses": 118345293,
                "max-rss": 415592,
                "wall-time": 6.03,
                "size-file": 9738496,
                "size-text": 1350735,
                "size-data": 8016,
                "size-bss": 1544,
                "size-total": 1360295
            },
            "ClamAV": {
                "instructions": 16846568987,
                "instructions:u": 14687578417,
                "cycles": 13434925820,
                "task-clock": 3735.340000000001,
                "branches": 3213657104,
                "branch-misses": 71084757,
                "max-rss": 6413896,
                "wall-time": 3.919999999999997,
                "size-file": 1818344,
                "size-text": 908129,
                "size-data": 68532,
                "size-bss": 4688,
                "size-total": 981349
            },
            "kimwitu++": {
                "instructions": 27313349896,
                "instructions:u": 26538310204,
                "cycles": 23875437770,
                "task-clock": 6636.57,
                "branches": 5229847807,
                "branch-misses": 146138666,
                "max-rss": 1363484,
                "wall-time": 6.68,
                "size-file": 4447472,
                "size-text": 1405962,
                "size-data": 80040,
                "size-bss": 12272,
                "size-total": 1498274
            },
            "sqlite3": {
                "instructions": 5564502417,
                "instructions:u": 5422315994,
                "cycles": 4076120350,
                "task-clock": 1133.0300000000002,
                "branches": 1040550856,
                "branch-misses": 22993027,
                "max-rss": 255324,
                "wall-time": 1.1400000000000001,
                "size-file": 1055240,
                "size-text": 514517,
                "size-data": 6320,
                "size-bss": 664,
                "size-total": 521501
            },
            "SPASS": {
                "instructions": 16394327519,
                "instructions:u": 15197868229,
                "cycles": 13267034518,
                "task-clock": 3688.2500000000014,
                "branches": 3124291934,
                "branch-misses": 74257058,
                "max-rss": 3411144,
                "wall-time": 3.8400000000000003,
                "size-file": 1973616,
                "size-text": 905796,
                "size-data": 2800,
                "size-bss": 358744,
                "size-total": 1267340
            },
            "7zip": {
                "instructions": 141975217376,
                "instructions:u": 134942853573,
                "cycles": 127784948194,
                "task-clock": 35524.39999999998,
                "branches": 27390593939,
                "branch-misses": 727320262,
                "max-rss": 16296612,
                "wall-time": 35.86000000000002,
                "size-file": 5852608,
                "size-text": 1394435,
                "size-data": 44848,
                "size-bss": 29408,
                "size-total": 1468691
            },
            "consumer-typeset": {
                "instructions": 14746949132,
                "instructions:u": 13556964802,
                "cycles": 10658712605,
                "task-clock": 2963.620000000001,
                "branches": 2798552963,
                "branch-misses": 50968228,
                "max-rss": 3492412,
                "wall-time": 3.109999999999999,
                "size-file": 1721536,
                "size-text": 1086024,
                "size-data": 7816,
                "size-bss": 65232,
                "size-total": 1159072
            },
            "geomean": {
                "instructions": 21029639855.691257,
                "instructions:u": 19692028751.02004,
                "cycles": 16717966597.169231,
                "task-clock": 4647.790540066741,
                "branches": 3998657077.0961146,
                "branch-misses": 90578343.52146165,
                "max-rss": 2538717.7254490815,
                "wall-time": 4.760955666580644,
                "size-file": 2627213.489712578,
                "size-text": 949035.2899020683,
                "size-data": 22391.20416260419,
                "size-bss": 43942.20405340143,
                "size-total": 1908220.2991881254
            }
        }
    }
}