{
    "config": 4,
    "clang_size": {
        "size-file": 124377408,
        "size-text": 103077895,
        "size-data": 3309744,
        "size-bss": 461264,
        "size-total": 106848903,
        "wall-time": 14.483767032623291
    },
    "stage2": {
        "size-file": 124944960,
        "size-text": 103110576,
        "size-data": 3426848,
        "size-bss": 342026,
        "size-total": 106879450,
        "wall-time-full": 519.8069930076599,
        "max-rss": 2566876,
        "wall-time": 514.97,
        "instructions": 31264878977184,
        "instructions:u": 30733650773355,
        "cycles": 36348167361894,
        "task-clock": 7284435.22,
        "branches": 6070425027961,
        "branch-misses": 262310042153,
        "wall-time-sum": 6598.118
    },
    "data": {
        "stage1-O0-g": {
            "consumer-typeset": {
                "instructions": 14762907926,
                "instructions:u": 13353651594,
                "cycles": 8273073541,
                "task-clock": 1615.0899999999997,
                "branches": 2824734120,
                "branch-misses": 46207416,
                "max-rss": 3366192,
                "wall-time": 1.7000000000000008,
                "size-file": 1719760,
                "size-text": 1085681,
                "size-data": 7816,
                "size-bss": 65232,
                "size-total": 1158729
            },
            "kimwitu++": {
                "instructions": 27189199598,
                "instructions:u": 26254231501,
                "cycles": 19029667142,
                "task-clock": 3689.8300000000004,
                "branches": 5240909870,
                "branch-misses": 127760152,
                "max-rss": 1332176,
                "wall-time": 3.72,
                "size-file": 4470352,
                "size-text": 1412094,
                "size-data": 80072,
                "size-bss": 12272,
                "size-total": 1504438
            },
            "7zip": {
                "instructions": 154057257841,
                "instructions:u": 145097662635,
                "cycles": 98796787051,
                "task-clock": 19086.189999999988,
                "branches": 30163447072,
                "branch-misses": 630191789,
                "max-rss": 16008096,
                "wall-time": 19.53000000000003,
                "size-file": 5841120,
                "size-text": 1393789,
                "size-data": 44832,
                "size-bss": 29408,
                "size-total": 1468029
            },
            "SPASS": {
                "instructions": 16696987353,
                "instructions:u": 15266890077,
                "cycles": 10126937243,
                "task-clock": 1972.1599999999996,
                "branches": 3200528910,
                "branch-misses": 65728657,
                "max-rss": 3271868,
                "wall-time": 2.060000000000001,
                "size-file": 1970224,
                "size-text": 905499,
                "size-data": 2792,
                "size-bss": 358648,
                "size-total": 1266939
            },
            "tramp3d-v4": {
                "instructions": 23601784248,
                "instructions:u": 22974369819,
                "cycles": 17325838746,
                "task-clock": 3335.32,
                "branches": 4458523240,
                "branch-misses": 108932382,
                "max-rss": 410436,
                "wall-time": 3.3400000000000003,
                "size-file": 9711216,
                "size-text": 1351502,
                "size-data": 7968,
                "size-bss": 1544,
                "size-total": 1361014
            },
            "mafft": {
                "instructions": 7907364882,
                "instructions:u": 7159736338,
                "cycles": 4456510741,
                "task-clock": 872.51,
                "branches": 1520008704,
                "branch-misses": 27125368,
                "max-rss": 1771104,
                "wall-time": 0.8800000000000003,
                "size-file": 853960,
                "size-text": 431674,
                "size-data": 9005,
                "size-bss": 132727136,
                "size-total": 133167815
            },
            "Bullet": {
                "instructions": 71155699049,
                "instructions:u": 66926344425,
                "cycles": 41962485675,
                "task-clock": 8192.43,
                "branches": 13656938996,
                "branch-misses": 282320991,
                "max-rss": 8764144,
                "wall-time": 8.399999999999995,
                "size-file": 5248720,
                "size-text": 1228327,
                "size-data": 772904,
                "size-bss": 45552,
                "size-total": 2046783
            },
            "sqlite3": {
                "instructions": 5476824845,
                "instructions:u": 5303593643,
                "cycles": 3319748542,
                "task-clock": 645.51,
                "branches": 1017720339,
                "branch-misses": 21846684,
                "max-rss": 248852,
                "wall-time": 0.65,
                "size-file": 1050096,
                "size-text": 514083,
                "size-data": 6320,
                "size-bss": 664,
                "size-total": 521067
            },
            "ClamAV": {
                "instructions": 16999837297,
                "instructions:u": 14409999925,
                "cycles": 10731720358,
                "task-clock": 2090.4800000000005,
                "branches": 3285819646,
                "branch-misses": 67803096,
                "max-rss": 6142872,
                "wall-time": 2.4099999999999997,
                "size-file": 1813640,
                "size-text": 907399,
                "size-data": 68532,
                "size-bss": 4688,
                "size-total": 980619
            },
            "lencod": {
                "instructions": 15165728912,
                "instructions:u": 13637097980,
                "cycles": 8700664953,
                "task-clock": 1698.2800000000004,
                "branches": 2892421528,
                "branch-misses": 51948551,
                "max-rss": 3577372,
                "wall-time": 1.8200000000000012,
                "size-file": 2103544,
                "size-text": 915619,
                "size-data": 16688,
                "size-bss": 109376,
                "size-total": 1041683
            },
            "geomean": {
                "instructions": 21315286903.674755,
                "instructions:u": 19723792584.763805,
                "cycles": 13180128455.201845,
                "task-clock": 2563.506022864543,
                "branches": 4080384820.435094,
                "branch-misses": 83096338.94054562,
                "max-rss": 2462017.6742208432,
                "wall-time": 2.6626075167187397,
                "size-file": 2623202.114009078,
                "size-text": 948961.0277756037,
                "size-data": 22371.454072431727,
                "size-bss": 43941.02801710208,
                "size-total": 1908231.0702448473
            }
        },
        "stage2-O0-g": {
            "consumer-typeset": {
                "instructions": 13491440041,
                "instructions:u": 12059322442,
                "cycles": 7464006350,
                "task-clock": 1462.9099999999999,
                "branches": 2558132244,
                "branch-misses": 45073389,
                "max-rss": 3436748,
                "wall-time": 1.570000000000001,
                "size-file": 1719760,
                "size-text": 1085681,
                "size-data": 7816,
                "size-bss": 65232,
                "size-total": 1158729
            },
            "kimwitu++": {
                "instructions": 24283280946,
                "instructions:u": 23342811609,
                "cycles": 17470902857,
                "task-clock": 3394.45,