{
    "config": 3,
    "clang_size": {
        "size-text": 92673364,
        "size-data": 4266792,
        "size-bss": 319528,
        "size-total": 97259684,
        "wall-time": 38.7109739780426
    },
    "data": {
        "NewPM-O0-g": {
            "lencod": {
                "instructions": 15459217885,
                "instructions:u": 13980907435,
                "cycles": 10860853174,
                "task-clock": 3020.3400000000006,
                "branches": 2896673509,
                "branch-misses": 53834579,
                "max-rss": 3518872,
                "wall-time": 3.2999999999999994,
                "size-file": 2104152,
                "size-text": 916867,
                "size-data": 16688,
                "size-bss": 109376,
                "size-total": 1042931
            },
            "Bullet": {
                "instructions": 70597938751,
                "instructions:u": 66578509757,
                "cycles": 52776595182,
                "task-clock": 14672.649999999992,
                "branches": 13385776623,
                "branch-misses": 292614811,
                "max-rss": 8576316,
                "wall-time": 15.399999999999997,
                "size-file": 5263920,
                "size-text": 1229327,
                "size-data": 772904,
                "size-bss": 45552,
                "size-total": 2047783
            },
            "mafft": {
                "instructions": 8042048500,
                "instructions:u": 7304838247,
                "cycles": 5584288801,
                "task-clock": 1552.92,
                "branches": 1521294772,
                "branch-misses": 28312886,
                "max-rss": 1749820,
                "wall-time": 1.7300000000000004,
                "size-file": 854152,
                "size-text": 431690,
                "size-data": 9005,
                "size-bss": 132727136,
                "size-total": 133167831
            },
            "tramp3d-v4": {
                "instructions": 23347377764,
                "instructions:u": 22747318820,
                "cycles": 20189100045,
                "task-clock": 5613.080000000001,
                "branches": 4361662710,
                "branch-misses": 107010361,
                "max-rss": 406728,
                "wall-time": 5.63,
                "size-file": 9694216,
                "size-text": 1351918,
                "size-data": 7968,
                "size-bss": 1544,
                "size-total": 1361430
            },
            "ClamAV": {
                "instructions": 17220040449,
                "instructions:u": 14766623768,
                "cycles": 13108868046,
                "task-clock": 3645.770000000001,
                "branches": 3247422487,
                "branch-misses": 69468895,
                "max-rss": 6029992,
                "wall-time": 4.269999999999996,
                "size-file": 1814808,
                "size-text": 907863,
                "size-data": 68532,
                "size-bss": 4688,
                "size-total": 981083
            },
            "kimwitu++": {
                "instructions": 26855146186,
                "instructions:u": 25967827636,
                "cycles": 22886850648,
                "task-clock": 6362.119999999999,
                "branches": 5121513168,
                "branch-misses": 136031607,
                "max-rss": 1309708,
                "wall-time": 6.45,
                "size-file": 4464960,
                "size-text": 1412124,
                "size-data": 80072,
                "size-bss": 12272,
                "size-total": 1504468
            },
            "sqlite3": {
                "instructions": 5646315940,
                "instructions:u": 5473945258,
                "cycles": 4118330854,
                "task-clock": 1145.17,
                "branches": 1039811984,
                "branch-misses": 21674977,
                "max-rss": 247912,
                "wall-time": 1.1700000000000002,
                "size-file": 1048048,
                "size-text": 514227,
                "size-data": 6320,
                "size-bss": 664,
                "size-total": 521211
            },
            "SPASS": {
                "instructions": 16710272283,
                "instructions:u": 15345884581,
                "cycles": 12821529183,
                "task-clock": 3564.8200000000006,
                "branches": 3152899908,
                "branch-misses": 70913035,
                "max-rss": 3220600,
                "wall-time": 3.849999999999999,
                "size-file": 1966896,
                "size-text": 905615,
                "size-data": 2800,
                "size-bss": 358744,
                "size-total": 1267159
            },
            "7zip": {
                "instructions": 84480597986,
                "instructions:u": 77473785550,
                "cycles": 68882035869,
                "task-clock": 19153.280000000002,
                "branches": 16275162678,
                "branch-misses": 389207868,
                "max-rss": 14416348,
                "wall-time": 20.359999999999996,
                "size-file": 5870472,
                "size-text": 1394085,
                "size-data": 44832,
                "size-bss": 29408,
                "size-total": 1468325
            },
            "consumer-typeset": {
                "instructions": 15072366793,
                "instructions:u": 13721548334,
                "cycles": 10409951939,
                "task-clock": 2894.590000000001,
                "branches": 2838375074,
                "branch-misses": 49573946,
                "max-rss": 3306840,
                "wall-time": 3.2099999999999995,
                "size-file": 1725960,
                "size-text": 1085809,
                "size-data": 7816,
                "size-bss": 65232,
                "size-total": 1158857
            },
            "geomean": {
                "instructions": 20213118223.491554,
                "instructions:u": 18723961318.648758,
                "cycles": 15366526623.065535,
                "task-clock": 4272.719290072,
                "branches": 3812067468.0999184,
                "branch-misses": 81777110.90656285,
                "max-rss": 2404360.4109660145,
                "wall-time": 4.574573549933184,
                "size-file": 2624791.928967009,
                "size-text": 949320.9008049807,
                "size-data": 22377.85598091198,
                "size-bss": 43942.20405340143,
                "size-total": 1908850.6863692019
            }
        }
    }
}