{
    "config": 6,
    "clang_size": {
        "size-file": 150627376,
        "size-text": 127308728,
        "size-data": 2535068,
        "size-bss": 653621,
        "size-total": 130497417,
        "wall-time": 15.762197971343994
    },
    "stage2": {
        "size-file": 132238840,
        "size-text": 111494633,
        "size-data": 2459820,
        "size-bss": 488530,
        "size-total": 114442983,
        "wall-time-full": 598.4760150909424,
        "max-rss": 2427040,
        "wall-time": 594.13,
        "instructions": 35119462523598,
        "instructions:u": 34529436488195,
        "cycles": 41773391248276,
        "task-clock": 8497832.38,
        "branches": 6708653927628,
        "branch-misses": 303584301337,
        "wall-time-sum": 7773.763
    },
    "data": []
}