{
    "config": 2,
    "clang_size": {
        "size-text": 102253262,
        "size-data": 4587272,
        "size-bss": 449088,
        "size-total": 107289622
    },
    "data": {
        "NewPM-O0-g": {
            "lencod": {
                "instructions": 15024735289,
                "instructions:u": 13729789606,
                "cycles": 10758067182,
                "task-clock": 2991.040000000001,
                "branches": 2847824888,
                "branch-misses": 54519731,
                "max-rss": 3728940,
                "wall-time": 3.08,
                "size-file": 2106080,
                "size-text": 917037,
                "size-data": 16688,
                "size-bss": 109376,
                "size-total": 1043101
            },
            "Bullet": {
                "instructions": 67838059425,
                "instructions:u": 64355988888,
                "cycles": 53077131179,
                "task-clock": 14755.749999999998,
                "branches": 12895274051,
                "branch-misses": 302408899,
                "max-rss": 9002128,
                "wall-time": 14.989999999999998,
                "size-file": 5261288,
                "size-text": 1229506,
                "size-data": 772904,
                "size-bss": 45552,
                "size-total": 2047962
            },
            "mafft": {
                "instructions": 7690599119,
                "instructions:u": 7046653446,
                "cycles": 5525072872,
                "task-clock": 1536.5399999999997,
                "branches": 1471012254,
                "branch-misses": 28643855,
                "max-rss": 1843676,
                "wall-time": 1.5800000000000003,
                "size-file": 855512,
                "size-text": 431864,
                "size-data": 9005,
                "size-bss": 132727136,
                "size-total": 133168005
            },
            "tramp3d-v4": {
                "instructions": 24539031347,
                "instructions:u": 23951052210,
                "cycles": 21525291142,
                "task-clock": 5983.88,
                "branches": 4614381451,
                "branch-misses": 118666746,
                "max-rss": 415712,
                "wall-time": 5.989999999999999,
                "size-file": 9738496,
                "size-text": 1350735,
                "size-data": 8016,
                "size-bss": 1544,
                "size-total": 1360295
            },
            "ClamAV": {
                "instructions": 16848358355,
                "instructions:u": 14687248479,
                "cycles": 13115752938,
                "task-clock": 3647.370000000001,
                "branches": 3214178464,
                "branch-misses": 70831153,
                "max-rss": 6411224,
                "wall-time": 3.8199999999999967,
                "size-file": 1818344,
                "size-text": 908129,
                "size-data": 68532,
                "size-bss": 4688,
                "size-total": 981349
            },
            "kimwitu++": {
                "instructions": 27297925142,
                "instructions:u": 26522177407,
                "cycles": 23783725911,
                "task-clock": 6611.64,
                "branches": 5226163403,
                "branch-misses": 145948404,
                "max-rss": 1364304,
                "wall-time": 6.6499999999999995,
                "size-file": 4447472,
                "size-text": 1405962,
                "size-data": 80040,
                "size-bss": 12272,
                "size-total": 1498274
            },
            "sqlite3": {
                "instructions": 5559496466,
                "instructions:u": 5417587749,
                "cycles": 4046542313,
                "task-clock": 1124.91,
                "branches": 1039630637,
                "branch-misses": 23028642,
                "max-rss": 254836,
                "wall-time": 1.1400000000000001,
                "size-file": 1055240,
                "size-text": 514517,
                "size-data": 6320,
                "size-bss": 664,
                "size-total": 521501
            },
            "SPASS": {
                "instructions": 16397129172,
                "instructions:u": 15197207961,
                "cycles": 13088669778,
                "task-clock": 3639.330000000001,
                "branches": 3124796816,
                "branch-misses": 74114882,
                "max-rss": 3413740,
                "wall-time": 3.789999999999999,
                "size-file": 1973616,
                "size-text": 905796,
                "size-data": 2800,
                "size-bss": 358744,
                "size-total": 1267340
            },
            "7zip": {
                "instructions": 141920830472,
                "instructions:u": 134891953328,
                "cycles": 126443956950,
                "task-clock": 35153.11999999999,
                "branches": 27378594952,
                "branch-misses": 724065719,
                "max-rss": 16317016,
                "wall-time": 35.51000000000001,
                "size-file": 5852608,
                "size-text": 1394435,
                "size-data": 44848,
                "size-bss": 29408,
                "size-total": 1468691
            },
            "consumer-typeset": {
                "instructions": 14746609589,
                "instructions:u": 13558608949,
                "cycles": 10438829675,
                "task-clock": 2902.4400000000005,
                "branches": 2798521652,
                "branch-misses": 50724443,
                "max-rss": 3497516,
                "wall-time": 3.0399999999999996,
                "size-file": 1721536,
                "size-text": 1086024,
                "size-data": 7816,
                "size-bss": 65232,
                "size-total": 1159072
            },
            "geomean": {
                "instructions": 21024838412.819637,
                "instructions:u": 19687387610.380188,
                "cycles": 16483640503.331005,
                "task-clock": 4582.965224322922,
                "branches": 3997576001.778131,
                "branch-misses": 90367058.42168324,
                "max-rss": 2539891.423486544,
                "wall-time": 4.692550535982443,
                "size-file": 2627213.489712578,
                "size-text": 949035.2899020683,
                "size-data": 22391.20416260419,
                "size-bss": 43942.20405340143,
                "size-total": 1908220.2991881254
            }
        }
    }
}