{
    "config": 3,
    "clang_size": {
        "size-text": 98841938,
        "size-data": 3006312,
        "size-bss": 453616,
        "size-total": 102301866,
        "wall-time": 47.85689687728882
    },
    "data": {
        "NewPM-O0-g": {
            "lencod": {
                "instructions": 15073340462,
                "instructions:u": 13608935710,
                "cycles": 10757964465,
                "task-clock": 2991.6800000000003,
                "branches": 2821938114,
                "branch-misses": 55427567,
                "max-rss": 3449656,
                "wall-time": 3.2900000000000005,
                "size-file": 2105224,
                "size-text": 915619,
                "size-data": 16688,
                "size-bss": 109376,
                "size-total": 1041683
            },
            "Bullet": {
                "instructions": 70222676529,
                "instructions:u": 66207495676,
                "cycles": 54357358429,
                "task-clock": 15111.039999999999,
                "branches": 13375445513,
                "branch-misses": 304786523,
                "max-rss": 8457012,
                "wall-time": 15.849999999999993,
                "size-file": 5260440,
                "size-text": 1228327,
                "size-data": 772904,
                "size-bss": 45552,
                "size-total": 2046783
            },
            "mafft": {
                "instructions": 7850461010,
                "instructions:u": 7120897639,
                "cycles": 5560531423,
                "task-clock": 1546.0700000000002,
                "branches": 1483017101,
                "branch-misses": 29076759,
                "max-rss": 1713484,
                "wall-time": 1.7300000000000004,
                "size-file": 854688,
                "size-text": 431674,
                "size-data": 9005,
                "size-bss": 132727136,
                "size-total": 133167815
            },
            "tramp3d-v4": {
                "instructions": 23862183063,
                "instructions:u": 23239140290,
                "cycles": 21407422864,
                "task-clock": 5950.71,
                "branches": 4478558755,
                "branch-misses": 115348932,
                "max-rss": 414848,
                "wall-time": 5.97,
                "size-file": 9751664,
                "size-text": 1355313,
                "size-data": 8032,
                "size-bss": 1544,
                "size-total": 1364889
            },
            "ClamAV": {
                "instructions": 16838894091,
                "instructions:u": 14384509712,
                "cycles": 13046353916,
                "task-clock": 3627.6700000000023,
                "branches": 3169825909,
                "branch-misses": 72024608,
                "max-rss": 5919956,
                "wall-time": 4.249999999999996,
                "size-file": 1817216,
                "size-text": 907415,
                "size-data": 68532,
                "size-bss": 4688,
                "size-total": 980635
            },
            "kimwitu++": {
                "instructions": 27116191642,
                "instructions:u": 26189974929,
                "cycles": 23971538607,
                "task-clock": 6664.010000000001,
                "branches": 5191958512,
                "branch-misses": 144145044,
                "max-rss": 1299880,
                "wall-time": 6.77,
                "size-file": 4468240,
                "size-text": 1412100,
                "size-data": 80072,
                "size-bss": 12272,
                "size-total": 1504444
            },
            "sqlite3": {
                "instructions": 5456464927,
                "instructions:u": 5289867252,
                "cycles": 3973994775,
                "task-clock": 1104.86,
                "branches": 1007852978,
                "branch-misses": 22244358,
                "max-rss": 240412,
                "wall-time": 1.12,
                "size-file": 1050144,
                "size-text": 514083,
                "size-data": 6320,
                "size-bss": 664,
                "size-total": 521067
            },
            "SPASS": {
                "instructions": 16577731476,
                "instructions:u": 15221238675,
                "cycles": 13105242453,
                "task-clock": 3643.66,
                "branches": 3128141737,
                "branch-misses": 74042299,
                "max-rss": 3162704,
                "wall-time": 3.9499999999999993,
                "size-file": 1972720,
                "size-text": 905583,
                "size-data": 2800,
                "size-bss": 358744,
                "size-total": 1267127
            },
            "7zip": {
                "instructions": 152174640369,
                "instructions:u": 143620394734,
                "cycles": 135180702591,
                "task-clock": 37574.55000000003,
                "branches": 29458922355,
                "branch-misses": 758926486,
                "max-rss": 15451152,
                "wall-time": 39.00000000000003,
                "size-file": 5859888,
                "size-text": 1393789,
                "size-data": 44832,
                "size-bss": 29408,
                "size-total": 1468029
            },
            "consumer-typeset": {
                "instructions": 14658916336,
                "instructions:u": 13337296231,
                "cycles": 10370129266,
                "task-clock": 2883.62,
                "branches": 2755333950,
                "branch-misses": 51187377,
                "max-rss": 3236052,
                "wall-time": 3.1599999999999997,
                "size-file": 1720624,
                "size-text": 1085681,
                "size-data": 7816,
                "size-bss": 65232,
                "size-total": 1158729
            },
            "geomean": {
                "instructions": 21191978760.959816,
                "instructions:u": 19668420981.540882,
                "cycles": 16600552492.379078,
                "task-clock": 4615.351435113348,
                "branches": 4002747091.926358,
                "branch-misses": 90690628.6669,
                "max-rss": 2389447.3066414865,
                "wall-time": 4.928094197901189,
                "size-file": 2627023.367085813,
                "size-text": 949239.1616782143,
                "size-data": 22395.765524076764,
                "size-bss": 43942.20405340143,
                "size-total": 1908805.873807497
            }
        }
    }
}