{
    "config": 3,
    "clang_size": {
        "size-text": 92673364,
        "size-data": 4266792,
        "size-bss": 319528,
        "size-total": 97259684,
        "wall-time": 38.77659797668457
    },
    "data": {
        "NewPM-O0-g": {
            "lencod": {
                "instructions": 15460585518,
                "instructions:u": 13978935981,
                "cycles": 10774469080,
                "task-clock": 2996.5,
                "branches": 2897125237,
                "branch-misses": 53796322,
                "max-rss": 3517832,
                "wall-time": 3.309999999999999,
                "size-file": 2104152,
                "size-text": 916867,
                "size-data": 16688,
                "size-bss": 109376,
                "size-total": 1042931
            },
            "Bullet": {
                "instructions": 70607157999,
                "instructions:u": 66585982026,
                "cycles": 52630116128,
                "task-clock": 14632.540000000003,
                "branches": 13387752809,
                "branch-misses": 292767768,
                "max-rss": 8573492,
                "wall-time": 15.360000000000001,
                "size-file": 5263920,
                "size-text": 1229327,
                "size-data": 772904,
                "size-bss": 45552,
                "size-total": 2047783
            },
            "mafft": {
                "instructions": 8046223810,
                "instructions:u": 7305491810,
                "cycles": 5554750467,
                "task-clock": 1545.1199999999997,
                "branches": 1522278828,
                "branch-misses": 28368213,
                "max-rss": 1743560,
                "wall-time": 1.7000000000000004,
                "size-file": 854152,
                "size-text": 431690,
                "size-data": 9005,
                "size-bss": 132727136,
                "size-total": 133167831
            },
            "tramp3d-v4": {
                "instructions": 23367354268,
                "instructions:u": 22767978663,
                "cycles": 20104087559,
                "task-clock": 5589.26,
                "branches": 4367948938,
                "branch-misses": 105968975,
                "max-rss": 407488,
                "wall-time": 5.6,
                "size-file": 9694216,
                "size-text": 1351918,
                "size-data": 7968,
                "size-bss": 1544,
                "size-total": 1361430
            },
            "ClamAV": {
                "instructions": 17209764227,
                "instructions:u": 14765334695,
                "cycles": 13016952248,
                "task-clock": 3620.3900000000017,
                "branches": 3245392397,
                "branch-misses": 69424758,
                "max-rss": 6033196,
                "wall-time": 4.229999999999996,
                "size-file": 1814808,
                "size-text": 907863,
                "size-data": 68532,
                "size-bss": 4688,
                "size-total": 981083
            },
            "kimwitu++": {
                "instructions": 26837143601,
                "instructions:u": 25950272896,
                "cycles": 22837565861,
                "task-clock": 6348.749999999999,
                "branches": 5117941395,
                "branch-misses": 135981446,
                "max-rss": 1311348,
                "wall-time": 6.430000000000001,
                "size-file": 4464960,
                "size-text": 1412124,
                "size-data": 80072,
                "size-bss": 12272,
                "size-total": 1504468
            },
            "sqlite3": {
                "instructions": 5645321007,
                "instructions:u": 5471422754,
                "cycles": 4080176524,
                "task-clock": 1134.7,
                "branches": 1039594494,
                "branch-misses": 21755520,
                "max-rss": 247204,
                "wall-time": 1.1600000000000001,
                "size-file": 1048048,
                "size-text": 514227,
                "size-data": 6320,
                "size-bss": 664,
                "size-total": 521211
            },
            "SPASS": {
                "instructions": 16708400437,
                "instructions:u": 15347298217,
                "cycles": 12786378693,
                "task-clock": 3555.12,
                "branches": 3152628110,
                "branch-misses": 71030003,
                "max-rss": 3223528,
                "wall-time": 3.8699999999999997,
                "size-file": 1966896,
                "size-text": 905615,
                "size-data": 2800,
                "size-bss": 358744,
                "size-total": 1267159
            },
            "7zip": {
                "instructions": 84507670955,
                "instructions:u": 77513082784,
                "cycles": 68726771009,
                "task-clock": 19110.57,
                "branches": 16281946821,
                "branch-misses": 388975480,
                "max-rss": 14407436,
                "wall-time": 20.379999999999995,
                "size-file": 5870472,
                "size-text": 1394085,
                "size-data": 44832,
                "size-bss": 29408,
                "size-total": 1468325
            },
            "consumer-typeset": {
                "instructions": 15074271553,
                "instructions:u": 13723479179,
                "cycles": 10337871242,
                "task-clock": 2874.7599999999993,
                "branches": 2838745319,
                "branch-misses": 49646498,
                "max-rss": 3301864,
                "wall-time": 3.1599999999999997,
                "size-file": 1725960,
                "size-text": 1085809,
                "size-data": 7816,
                "size-bss": 65232,
                "size-total": 1158857
            },
            "geomean": {
                "instructions": 20214097283.255672,
                "instructions:u": 18724867471.59925,
                "cycles": 15288757165.684025,
                "task-clock": 4251.385299081968,
                "branches": 3812570397.0724697,
                "branch-misses": 81754237.70850042,
                "max-rss": 2403246.2740436546,
                "wall-time": 4.5503706285849335,
                "size-file": 2624791.928967009,
                "size-text": 949320.9008049807,
                "size-data": 22377.85598091198,
                "size-bss": 43942.20405340143,
                "size-total": 1908850.6863692019
            }
        }
    }
}