{
    "config": 3,
    "clang_size": {
        "size-text": 98028214,
        "size-data": 2975976,
        "size-bss": 449904,
        "size-total": 101454094,
        "wall-time": 783.37056016922
    },
    "data": {
        "NewPM-O3": {
            "lencod": {
                "instructions": 81224440909,
                "instructions:u": 79653900146,
                "cycles": 55103302416,
                "task-clock": 15317.539999999997,
                "branches": 15693685453,
                "branch-misses": 424216958,
                "max-rss": 3959728,
                "wall-time": 15.64,
                "size-file": 990680,
                "size-text": 911359,
                "size-data": 15136,
                "size-bss": 108640,
                "size-total": 1035135
            },
            "Bullet": {
                "instructions": 115542617051,
                "instructions:u": 111689235886,
                "cycles": 89397977016,
                "task-clock": 24850.940000000002,
                "branches": 22487366856,
                "branch-misses": 649627048,
                "max-rss": 9204668,
                "wall-time": 25.61,
                "size-file": 1930240,
                "size-text": 908227,
                "size-data": 772680,
                "size-bss": 43440,
                "size-total": 1724347
            },
            "mafft": {
                "instructions": 42257283546,
                "instructions:u": 41457071046,
                "cycles": 30539410249,
                "task-clock": 8489.169999999998,
                "branches": 8172231150,
                "branch-misses": 265867309,
                "max-rss": 2002896,
                "wall-time": 8.669999999999998,
                "size-file": 573264,
                "size-text": 502677,
                "size-data": 9077,
                "size-bss": 132716752,
                "size-total": 133228506
            },
            "tramp3d-v4": {
                "instructions": 103969420898,
                "instructions:u": 103594896416,
                "cycles": 81269257373,
                "task-clock": 22589.239999999998,
                "branches": 20441018217,
                "branch-misses": 618935371,
                "max-rss": 297868,
                "wall-time": 22.63,
                "size-file": 1386040,
                "size-text": 1035257,
                "size-data": 7448,
                "size-bss": 1456,
                "size-total": 1044161
            },
            "ClamAV": {
                "instructions": 67994495922,
                "instructions:u": 65382190853,
                "cycles": 49650944962,
                "task-clock": 13801.399999999998,
                "branches": 13291597884,
                "branch-misses": 434103046,
                "max-rss": 6827640,
                "wall-time": 14.389999999999999,
                "size-file": 885792,
                "size-text": 768234,
                "size-data": 66772,
                "size-bss": 4688,
                "size-total": 839694
            },
            "kimwitu++": {
                "instructions": 47866030999,
                "instructions:u": 47077740808,
                "cycles": 40372294277,
                "task-clock": 11222.59,
                "branches": 9492023449,
                "branch-misses": 306404424,
                "max-rss": 1337852,
                "wall-time": 11.350000000000001,
                "size-file": 1380568,
                "size-text": 886423,
                "size-data": 71728,
                "size-bss": 12256,
                "size-total": 970407
            },
            "sqlite3": {
                "instructions": 45792548901,
                "instructions:u": 45625412826,
                "cycles": 35571075354,
                "task-clock": 9886.78,
                "branches": 9010736890,
                "branch-misses": 322405922,
                "max-rss": 237608,
                "wall-time": 9.92,
                "size-file": 608552,
                "size-text": 562842,
                "size-data": 5671,
                "size-bss": 664,
                "size-total": 569177
            },
            "SPASS": {
                "instructions": 55531254237,
                "instructions:u": 54151459548,
                "cycles": 43465822744,
                "task-clock": 12081.939999999999,
                "branches": 10908548984,
                "branch-misses": 393222868,
                "max-rss": 3628772,
                "wall-time": 12.360000000000001,
                "size-file": 723040,
                "size-text": 647787,
                "size-data": 2656,
                "size-bss": 358728,
                "size-total": 1009171
            },
            "7zip": {
                "instructions": 234200679216,
                "instructions:u": 226009743776,
                "cycles": 200489865279,
                "task-clock": 55730.700000000004,
                "branches": 45688651920,
                "branch-misses": 1432079792,
                "max-rss": 17013488,
                "wall-time": 57.209999999999994,
                "size-file": 1615408,
                "size-text": 1244459,
                "size-data": 40136,
                "size-bss": 29344,
                "size-total": 1313939
            },
            "consumer-typeset": {
                "instructions": 42815113844,
                "instructions:u": 41442443592,
                "cycles": 31153136999,
                "task-clock": 8659.1,
                "branches": 8393450491,
                "branch-misses": 256025248,
                "max-rss": 3632684,
                "wall-time": 8.95,
                "size-file": 603624,
                "size-text": 556147,
                "size-data": 7056,
                "size-bss": 65208,
                "size-total": 628411
            },
            "geomean": {
                "instructions": 71355176733.2699,
                "instructions:u": 69740007791.08136,
                "cycles": 54627865479.144905,
                "task-clock": 15184.740457982436,
                "branches": 13956351163.553104,
                "branch-misses": 441340926.1349253,
                "max-rss": 2526199.319989741,
                "wall-time": 15.51040635584916,
                "size-file": 977591.3367809968,
                "size-text": 770787.1296278634,
                "size-data": 20932.71824158484,
                "size-bss": 43431.58309369507,
                "size-total": 1578371.5135340495
            }
        },
        "NewPM-ReleaseThinLTO": {
            "lencod": {
                "instructions": 140082176762,
                "instructions:u": 138525477703,
                "cycles": 88680733947,
                "task-clock": 24653.28000000001,
                "branches": 27113899461,
                "branch-misses": 610838247,
                "max-rss": 3541336,
                "wall-time": 15.030000000000001,
                "size-file": 1052752,
                "size-text": 974350,
                "size-data": 15140,
                "size-bss": 106056,
                "size-total": 1095546
            },
            "Bullet": {
                "instructions": 109848963276,
                "instructions:u": 106084824119,
                "cycles": 85029923253,
                "task-clock": 23635.41,
                "branches": 21377014936,
                "branch-misses": 576373098,
                "max-rss": 8323200,
                "wall-time": 31.500000000000004,
                "size-file": 910848,
                "size-text": 391898,
                "size-data": 415224,
                "size-bss": 42336,
                "size-total": 849458
            },
            "mafft": {
                "instructions": 37209553938,
                "instructions:u": 36434564724,
                "cycles": 26534899655,
                "task-clock": 7376.68,
                "branches": 7240098961,