{
    "config": 3,
    "clang_size": {
        "size-text": 99141832,
        "size-data": 4412328,
        "size-bss": 446512,
        "size-total": 104000672,
        "wall-time": 45.207648038864136
    },
    "data": {
        "NewPM-O3": {
            "lencod": {
                "instructions": 83181917123,
                "instructions:u": 81504395763,
                "cycles": 55037273706,
                "task-clock": 15299.820000000003,
                "branches": 16039297658,
                "branch-misses": 427300723,
                "max-rss": 4137744,
                "wall-time": 15.610000000000001,
                "size-file": 986584,
                "size-text": 909943,
                "size-data": 15136,
                "size-bss": 108640,
                "size-total": 1033719
            },
            "Bullet": {
                "instructions": 116339801871,
                "instructions:u": 112256052198,
                "cycles": 87785863247,
                "task-clock": 24403.920000000002,
                "branches": 22600386142,
                "branch-misses": 651087708,
                "max-rss": 9629708,
                "wall-time": 25.160000000000007,
                "size-file": 1934336,
                "size-text": 911123,
                "size-data": 772680,
                "size-bss": 43440,
                "size-total": 1727243
            },
            "mafft": {
                "instructions": 43256217776,
                "instructions:u": 42408214046,
                "cycles": 30548428883,
                "task-clock": 8492.550000000001,
                "branches": 8354720139,
                "branch-misses": 269409717,
                "max-rss": 2090140,
                "wall-time": 8.65,
                "size-file": 573264,
                "size-text": 503301,
                "size-data": 9077,
                "size-bss": 132716752,
                "size-total": 133229130
            },
            "tramp3d-v4": {
                "instructions": 105782201957,
                "instructions:u": 105404757088,
                "cycles": 81059199448,
                "task-clock": 22534.76,
                "branches": 20762091841,
                "branch-misses": 630351655,
                "max-rss": 302668,
                "wall-time": 22.599999999999998,
                "size-file": 1394232,
                "size-text": 1044457,
                "size-data": 7448,
                "size-bss": 1456,
                "size-total": 1053361
            },
            "ClamAV": {
                "instructions": 68819212190,
                "instructions:u": 66020334463,
                "cycles": 49161401211,
                "task-clock": 13668.330000000004,
                "branches": 13425212239,
                "branch-misses": 438678295,
                "max-rss": 7144992,
                "wall-time": 14.299999999999997,
                "size-file": 889888,
                "size-text": 772282,
                "size-data": 66772,
                "size-bss": 4688,
                "size-total": 843742
            },
            "kimwitu++": {
                "instructions": 48097683455,
                "instructions:u": 47290709875,
                "cycles": 39487504733,
                "task-clock": 10975.619999999999,
                "branches": 9523305923,
                "branch-misses": 304980094,
                "max-rss": 1384572,
                "wall-time": 11.1,
                "size-file": 1384664,
                "size-text": 888719,
                "size-data": 71728,
                "size-bss": 12256,
                "size-total": 972703
            },
            "sqlite3": {
                "instructions": 48377690390,
                "instructions:u": 48206352830,
                "cycles": 36690915581,
                "task-clock": 10198.580000000002,
                "branches": 9518949799,
                "branch-misses": 337840788,
                "max-rss": 245224,
                "wall-time": 10.22,
                "size-file": 612648,
                "size-text": 566074,
                "size-data": 5671,
                "size-bss": 664,
                "size-total": 572409
            },
            "SPASS": {
                "instructions": 56314067295,
                "instructions:u": 54843101535,
                "cycles": 42886133005,
                "task-clock": 11922.420000000002,
                "branches": 11052333077,
                "branch-misses": 397498931,
                "max-rss": 3787916,
                "wall-time": 12.209999999999999,
                "size-file": 723040,
                "size-text": 647131,
                "size-data": 2656,
                "size-bss": 358728,
                "size-total": 1008515
            },
            "7zip": {
                "instructions": 234930754354,
                "instructions:u": 226376849677,
                "cycles": 195503358705,
                "task-clock": 54349.040000000015,
                "branches": 45772793294,
                "branch-misses": 1432006109,
                "max-rss": 17702568,
                "wall-time": 55.74000000000003,
                "size-file": 1619584,
                "size-text": 1247267,
                "size-data": 40136,
                "size-bss": 29344,
                "size-total": 1316747
            },
            "consumer-typeset": {
                "instructions": 43426291461,
                "instructions:u": 41951768081,
                "cycles": 30894561739,
                "task-clock": 8589.010000000002,
                "branches": 8501330919,
                "branch-misses": 260022277,
                "max-rss": 3794656,
                "wall-time": 8.930000000000001,
                "size-file": 603656,
                "size-text": 556715,
                "size-data": 7152,
                "size-bss": 65208,
                "size-total": 629075
            },
            "geomean": {
                "instructions": 72610710943.00832,
                "instructions:u": 70891850163.94124,
                "cycles": 54248387418.99611,
                "task-clock": 15080.719393670677,
                "branches": 14181920469.304567,
                "branch-misses": 446662033.9264473,
                "max-rss": 2625432.0982291573,
                "wall-time": 15.413746373114394,
                "size-file": 979625.7208394271,
                "size-text": 772913.2815844471,
                "size-data": 20961.02525149738,
                "size-bss": 43431.58309369507,
                "size-total": 1582237.1852955257
            }
        },
        "NewPM-ReleaseThinLTO": {
            "lencod": {
                "instructions": 144086465118,
                "instructions:u": 142423251713,
                "cycles": 89911138002,
                "task-clock": 24992.97999999998,
                "branches": 27823383152,
                "branch-misses": 619548129,
                "max-rss": 3727992,
                "wall-time": 15.279999999999996,
                "size-file": 1052776,
                "size-text": 976310,
                "size-data": 15140,
                "size-bss": 106056,
                "size-total": 1097506
            },
            "Bullet": {
                "instructions": 110331304944,
                "instructions:u": 106329823629,
                "cycles": 83283541480,
                "task-clock": 23155.46,
                "branches": 21430176981,
                "branch-misses": 577043464,
                "max-rss": 8738116,
                "wall-time": 30.589999999999996,
                "size-file": 914968,
                "size-text": 394258,
                "size-data": 415224,
                "size-bss": 42336,
                "size-total": 851818
            },
            "mafft": {
                "instructions": 37975951069,
                "instructions:u": 37148555557,
                "cycles": 26636819660,
                "task-clock": 7404.660000000001,