{
    "config": 2,
    "clang_size": {
        "size-text": 95075763,
        "size-data": 3911144,
        "size-bss": 314404,
        "size-total": 99301311
    },
    "data": {
        "NewPM-O3": {
            "lencod": {
                "instructions": 85326432387,
                "instructions:u": 83947012277,
                "cycles": 56389619385,
                "task-clock": 15673.829999999996,
                "branches": 16676028984,
                "branch-misses": 427979368,
                "max-rss": 4030672,
                "wall-time": 15.770000000000001,
                "size-file": 987256,
                "size-text": 907107,
                "size-data": 15136,
                "size-bss": 108640,
                "size-total": 1030883
            },
            "Bullet": {
                "instructions": 114931167716,
                "instructions:u": 111610004082,
                "cycles": 87678350903,
                "task-clock": 24373.63,
                "branches": 22570638834,
                "branch-misses": 649375209,
                "max-rss": 9295312,
                "wall-time": 24.61000000000002,
                "size-file": 1967696,
                "size-text": 939863,
                "size-data": 772680,
                "size-bss": 43440,
                "size-total": 1755983
            },
            "mafft": {
                "instructions": 45260960087,
                "instructions:u": 44552656527,
                "cycles": 31922190200,
                "task-clock": 8873.49,
                "branches": 8852751274,
                "branch-misses": 276576963,
                "max-rss": 2041088,
                "wall-time": 8.909999999999998,
                "size-file": 582160,
                "size-text": 510858,
                "size-data": 9077,
                "size-bss": 132716768,
                "size-total": 133236703
            },
            "tramp3d-v4": {
                "instructions": 106279946421,
                "instructions:u": 105981862838,
                "cycles": 80843024162,
                "task-clock": 22471.47,
                "branches": 21124574891,
                "branch-misses": 620013920,
                "max-rss": 276544,
                "wall-time": 22.49,
                "size-file": 1386920,
                "size-text": 1035917,
                "size-data": 7448,
                "size-bss": 1456,
                "size-total": 1044821
            },
            "ClamAV": {
                "instructions": 71544426054,
                "instructions:u": 69248372017,
                "cycles": 50732142531,
                "task-clock": 14103.259999999998,
                "branches": 14164061731,
                "branch-misses": 443458603,
                "max-rss": 6979968,
                "wall-time": 14.289999999999994,
                "size-file": 898824,
                "size-text": 778442,
                "size-data": 66772,
                "size-bss": 4688,
                "size-total": 849902
            },
            "kimwitu++": {
                "instructions": 49643237652,
                "instructions:u": 48984455004,
                "cycles": 40346080199,
                "task-clock": 11214.6,
                "branches": 9937579414,
                "branch-misses": 309025481,
                "max-rss": 1338732,
                "wall-time": 11.229999999999999,
                "size-file": 1393040,
                "size-text": 898201,
                "size-data": 71720,
                "size-bss": 12256,
                "size-total": 982177
            },
            "sqlite3": {
                "instructions": 58272318702,
                "instructions:u": 58129735839,
                "cycles": 43168643376,
                "task-clock": 11999.369999999999,
                "branches": 11653228266,
                "branch-misses": 384623639,
                "max-rss": 238516,
                "wall-time": 12.01,
                "size-file": 605008,
                "size-text": 558217,
                "size-data": 5631,
                "size-bss": 664,
                "size-total": 564512
            },
            "SPASS": {
                "instructions": 57337273812,
                "instructions:u": 56130705277,
                "cycles": 43781141599,
                "task-clock": 12169.390000000001,
                "branches": 11420807822,
                "branch-misses": 397806672,
                "max-rss": 3694460,
                "wall-time": 12.2,
                "size-file": 715352,
                "size-text": 641448,
                "size-data": 2656,
                "size-bss": 358728,
                "size-total": 1002832
            },
            "7zip": {
                "instructions": 166802185586,
                "instructions:u": 160887073912,
                "cycles": 131840387592,
                "task-clock": 36650.81999999999,
                "branches": 33065262536,
                "branch-misses": 1080374116,
                "max-rss": 15963060,
                "wall-time": 37.09,
                "size-file": 1649296,
                "size-text": 1277833,
                "size-data": 40152,
                "size-bss": 29344,
                "size-total": 1347329
            },
            "consumer-typeset": {
                "instructions": 45170142606,
                "instructions:u": 43961083955,
                "cycles": 32136390414,
                "task-clock": 8933.390000000001,
                "branches": 8979144115,
                "branch-misses": 265254881,
                "max-rss": 3704552,
                "wall-time": 9.069999999999997,
                "size-file": 604344,
                "size-text": 558383,
                "size-data": 7160,
                "size-bss": 65208,
                "size-total": 630751
            },
            "geomean": {
                "instructions": 72863242427.61305,
                "instructions:u": 71440909755.46611,
                "cycles": 53956185212.26645,
                "task-clock": 14998.40870208839,
                "branches": 14430192182.40977,
                "branch-misses": 442275512.7823414,
                "max-rss": 2519262.8377902033,
                "wall-time": 15.097288040113165,
                "size-file": 983554.3280798076,
                "size-text": 777377.3497035033,
                "size-data": 20949.136484831906,
                "size-bss": 43431.58361729536,
                "size-total": 1586787.2542357629
            }
        },
        "NewPM-ReleaseThinLTO": {
            "lencod": {
                "instructions": 128325862988,
                "instructions:u": 126966668603,
                "cycles": 83667973110,
                "task-clock": 23259.44,
                "branches": 25221306958,
                "branch-misses": 607562738,
                "max-rss": 3645856,
                "wall-time": 13.39,
                "size-file": 1057544,
                "size-text": 978307,
                "size-data": 15140,
                "size-bss": 106368,
                "size-total": 1099815
            },
            "Bullet": {
                "instructions": 107773450577,
                "instructions:u": 104529107856,
                "cycles": 82139772945,
                "task-clock": 22835,
                "branches": 21218158970,
                "branch-misses": 567863802,
                "max-rss": 8451968,
                "wall-time": 30.420000000000012,
                "size-file": 923824,
                "size-text": 402782,
                "size-data": 415224,
                "size-bss": 42336,
                "size-total": 860342
            },
            "mafft": {
                "instructions": 39133825750,
                "instructions:u": 38452698724,
                "cycles": 27334918820,
                "task-clock": 7598.62,
                "branches": 7732417140,
                "branch-misses": 218802685,
                "max-rss": 1839620,