{
    "config": 3,
    "clang_size": {
        "size-text": 102218103,
        "size-data": 3227728,
        "size-bss": 462000,
        "size-total": 105907831,
        "wall-time": 51.487200021743774
    },
    "data": {
        "NewPM-O3": {
            "lencod": {
                "instructions": 71655275471,
                "instructions:u": 69979374267,
                "cycles": 49171543273,
                "task-clock": 13670.109999999999,
                "branches": 13874846482,
                "branch-misses": 396236601,
                "max-rss": 4068272,
                "wall-time": 13.97,
                "size-file": 986584,
                "size-text": 906750,
                "size-data": 15136,
                "size-bss": 108640,
                "size-total": 1030526
            },
            "Bullet": {
                "instructions": 111190121167,
                "instructions:u": 107040099645,
                "cycles": 87143170191,
                "task-clock": 24227.219999999994,
                "branches": 21702312337,
                "branch-misses": 639469084,
                "max-rss": 9451900,
                "wall-time": 24.91999999999999,
                "size-file": 1930520,
                "size-text": 908915,
                "size-data": 772680,
                "size-bss": 43440,
                "size-total": 1725035
            },
            "mafft": {
                "instructions": 38874518443,
                "instructions:u": 38005036757,
                "cycles": 28083305860,
                "task-clock": 7806.95,
                "branches": 7504560645,
                "branch-misses": 251890267,
                "max-rss": 2057692,
                "wall-time": 7.949999999999999,
                "size-file": 577360,
                "size-text": 504981,
                "size-data": 9077,
                "size-bss": 132716752,
                "size-total": 133230810
            },
            "tramp3d-v4": {
                "instructions": 94876390882,
                "instructions:u": 94494311815,
                "cycles": 75629641914,
                "task-clock": 21024.350000000002,
                "branches": 18624216297,
                "branch-misses": 591756470,
                "max-rss": 300172,
                "wall-time": 21.049999999999997,
                "size-file": 1377848,
                "size-text": 1026849,
                "size-data": 7448,
                "size-bss": 1456,
                "size-total": 1035753
            },
            "ClamAV": {
                "instructions": 62259489235,
                "instructions:u": 59388550900,
                "cycles": 45577820188,
                "task-clock": 12671.74,
                "branches": 12128355427,
                "branch-misses": 407642925,
                "max-rss": 7021384,
                "wall-time": 13.359999999999994,
                "size-file": 890024,
                "size-text": 773410,
                "size-data": 66772,
                "size-bss": 4688,
                "size-total": 844870
            },
            "kimwitu++": {
                "instructions": 46004828054,
                "instructions:u": 45154988609,
                "cycles": 39493842030,
                "task-clock": 10980.01,
                "branches": 9115303505,
                "branch-misses": 302244581,
                "max-rss": 1366960,
                "wall-time": 11.09,
                "size-file": 1380704,
                "size-text": 885019,
                "size-data": 71728,
                "size-bss": 12256,
                "size-total": 969003
            },
            "sqlite3": {
                "instructions": 41407832760,
                "instructions:u": 41237182825,
                "cycles": 32608561701,
                "task-clock": 9063.859999999999,
                "branches": 8111197029,
                "branch-misses": 303575074,
                "max-rss": 242252,
                "wall-time": 9.09,
                "size-file": 608720,
                "size-text": 563502,
                "size-data": 5671,
                "size-bss": 664,
                "size-total": 569837
            },
            "SPASS": {
                "instructions": 51366833772,
                "instructions:u": 49866135749,
                "cycles": 40437469437,
                "task-clock": 11241.180000000002,
                "branches": 10070072656,
                "branch-misses": 376031012,
                "max-rss": 3732500,
                "wall-time": 11.519999999999998,
                "size-file": 718864,
                "size-text": 643779,
                "size-data": 2656,
                "size-bss": 358728,
                "size-total": 1005163
            },
            "7zip": {
                "instructions": 229261363354,
                "instructions:u": 220095972458,
                "cycles": 198272958684,
                "task-clock": 55121.30000000002,
                "branches": 44935962949,
                "branch-misses": 1414934023,
                "max-rss": 17442568,
                "wall-time": 56.610000000000014,
                "size-file": 1619504,
                "size-text": 1247770,
                "size-data": 40136,
                "size-bss": 29344,
                "size-total": 1317250
            },
            "consumer-typeset": {
                "instructions": 38416729763,
                "instructions:u": 36941260335,
                "cycles": 28023245175,
                "task-clock": 7790.24,
                "branches": 7517684892,
                "branch-misses": 237880305,
                "max-rss": 3731280,
                "wall-time": 8.120000000000001,
                "size-file": 599528,
                "size-text": 553863,
                "size-data": 7056,
                "size-bss": 65208,
                "size-total": 626127
            },
            "geomean": {
                "instructions": 66035323196.60891,
                "instructions:u": 64289350104.69616,
                "cycles": 51041895384.413994,
                "task-clock": 14189.640536649951,
                "branches": 12907752367.037415,
                "branch-misses": 421924886.81359476,
                "max-rss": 2586779.218116904,
                "wall-time": 14.51632631989962,
                "size-file": 976835.5305486172,
                "size-text": 770073.8919473976,
                "size-data": 20932.71824158484,
                "size-bss": 43431.58309369507,
                "size-total": 1576576.512153841
            }
        },
        "NewPM-ReleaseThinLTO": {
            "lencod": {
                "instructions": 123659928334,
                "instructions:u": 121997719986,
                "cycles": 78797611450,
                "task-clock": 21905.090000000004,
                "branches": 23934473694,
                "branch-misses": 566281510,
                "max-rss": 3628148,
                "wall-time": 13.189999999999996,
                "size-file": 1048696,
                "size-text": 970150,
                "size-data": 15140,
                "size-bss": 106056,
                "size-total": 1091346
            },
            "Bullet": {
                "instructions": 105345505124,
                "instructions:u": 101289445751,
                "cycles": 82614914268,
                "task-clock": 22970.329999999998,
                "branches": 20541763511,
                "branch-misses": 567791894,
                "max-rss": 8552016,
                "wall-time": 30.089999999999993,
                "size-file": 915064,
                "size-text": 394170,
                "size-data": 415224,
                "size-bss": 42336,
                "size-total": 851730
            },
            "mafft": {
                "instructions": 33857738707,
                "instructions:u": 33012661451,
                "cycles": 24213026648,
                "task-clock": 6730.89,