{
    "config": 3,
    "clang_size": {
        "size-text": 99429317,
        "size-data": 3584792,
        "size-bss": 447824,
        "size-total": 103461933,
        "wall-time": 57.015705823898315
    },
    "data": {
        "NewPM-O3": {
            "lencod": {
                "instructions": 82757454924,
                "instructions:u": 81133712004,
                "cycles": 55494964128,
                "task-clock": 15426.909999999998,
                "branches": 15967070419,
                "branch-misses": 424096380,
                "max-rss": 4077392,
                "wall-time": 15.76,
                "size-file": 986584,
                "size-text": 907471,
                "size-data": 15136,
                "size-bss": 108640,
                "size-total": 1031247
            },
            "Bullet": {
                "instructions": 116346644056,
                "instructions:u": 112370135286,
                "cycles": 89435133002,
                "task-clock": 24865.480000000003,
                "branches": 22630331534,
                "branch-misses": 651617878,
                "max-rss": 9500004,
                "wall-time": 25.580000000000002,
                "size-file": 1934336,
                "size-text": 911787,
                "size-data": 772680,
                "size-bss": 43440,
                "size-total": 1727907
            },
            "mafft": {
                "instructions": 42838929376,
                "instructions:u": 42011437678,
                "cycles": 30713407093,
                "task-clock": 8537.150000000001,
                "branches": 8278067039,
                "branch-misses": 266508046,
                "max-rss": 2063584,
                "wall-time": 8.709999999999999,
                "size-file": 573264,
                "size-text": 502965,
                "size-data": 9077,
                "size-bss": 132716752,
                "size-total": 133228794
            },
            "tramp3d-v4": {
                "instructions": 105104698970,
                "instructions:u": 104730343104,
                "cycles": 81504363344,
                "task-clock": 22657.55,
                "branches": 20637980051,
                "branch-misses": 626129858,
                "max-rss": 299544,
                "wall-time": 22.689999999999998,
                "size-file": 1394232,
                "size-text": 1044289,
                "size-data": 7448,
                "size-bss": 1456,
                "size-total": 1053193
            },
            "ClamAV": {
                "instructions": 68376848817,
                "instructions:u": 65678884944,
                "cycles": 49683443874,
                "task-clock": 13812.859999999999,
                "branches": 13344636975,
                "branch-misses": 434769815,
                "max-rss": 7036336,
                "wall-time": 14.360000000000001,
                "size-file": 889888,
                "size-text": 772330,
                "size-data": 66772,
                "size-bss": 4688,
                "size-total": 843790
            },
            "kimwitu++": {
                "instructions": 47959285032,
                "instructions:u": 47170241676,
                "cycles": 40269735280,
                "task-clock": 11195.11,
                "branches": 9501203997,
                "branch-misses": 307006245,
                "max-rss": 1368600,
                "wall-time": 11.3,
                "size-file": 1384664,
                "size-text": 888703,
                "size-data": 71728,
                "size-bss": 12256,
                "size-total": 972687
            },
            "sqlite3": {
                "instructions": 46370885894,
                "instructions:u": 46203418102,
                "cycles": 35582200061,
                "task-clock": 9890.22,
                "branches": 9124719188,
                "branch-misses": 324997871,
                "max-rss": 241052,
                "wall-time": 9.92,
                "size-file": 612648,
                "size-text": 566138,
                "size-data": 5671,
                "size-bss": 664,
                "size-total": 572473
            },
            "SPASS": {
                "instructions": 55849994897,
                "instructions:u": 54426356818,
                "cycles": 43392495927,
                "task-clock": 12062.689999999995,
                "branches": 10968191031,
                "branch-misses": 394578906,
                "max-rss": 3733648,
                "wall-time": 12.340000000000002,
                "size-file": 723040,
                "size-text": 647803,
                "size-data": 2656,
                "size-bss": 358728,
                "size-total": 1009187
            },
            "7zip": {
                "instructions": 234865793675,
                "instructions:u": 226503924145,
                "cycles": 200108729707,
                "task-clock": 55625.549999999996,
                "branches": 45805680980,
                "branch-misses": 1436377685,
                "max-rss": 17464660,
                "wall-time": 57.09999999999998,
                "size-file": 1619504,
                "size-text": 1246671,
                "size-data": 40136,
                "size-bss": 29344,
                "size-total": 1316151
            },
            "consumer-typeset": {
                "instructions": 43096438795,
                "instructions:u": 41667146832,
                "cycles": 31232525689,
                "task-clock": 8682.640000000001,
                "branches": 8445214711,
                "branch-misses": 257146133,
                "max-rss": 3747516,
                "wall-time": 9.009999999999998,
                "size-file": 603624,
                "size-text": 556291,
                "size-data": 7056,
                "size-bss": 65208,
                "size-total": 628555
            },
            "geomean": {
                "instructions": 71966986807.51488,
                "instructions:u": 70303007736.02312,
                "cycles": 54701364832.41836,
                "task-clock": 15206.490184572123,
                "branches": 14065274892.505816,
                "branch-misses": 443067803.0736052,
                "max-rss": 2589977.4796624347,
                "wall-time": 15.526479772917197,
                "size-file": 979615.6887055102,
                "size-text": 772691.851211898,
                "size-data": 20932.71824158484,
                "size-bss": 43431.58309369507,
                "size-total": 1581820.599074441
            }
        },
        "NewPM-ReleaseThinLTO": {
            "lencod": {
                "instructions": 143574870650,
                "instructions:u": 141965401879,
                "cycles": 90131919039,
                "task-clock": 25058.86,
                "branches": 27739246840,
                "branch-misses": 617151549,
                "max-rss": 3658872,
                "wall-time": 15.139999999999997,
                "size-file": 1048672,
                "size-text": 973438,
                "size-data": 15140,
                "size-bss": 106056,
                "size-total": 1094634
            },
            "Bullet": {
                "instructions": 110509552586,
                "instructions:u": 106631718384,
                "cycles": 85122466939,
                "task-clock": 23664.910000000007,
                "branches": 21494096269,
                "branch-misses": 579844310,
                "max-rss": 8579256,
                "wall-time": 31.669999999999998,
                "size-file": 914856,
                "size-text": 394058,
                "size-data": 415224,
                "size-bss": 42336,
                "size-total": 851618
            },
            "mafft": {
                "instructions": 37744705172,
                "instructions:u": 36948093970,
                "cycles": 26746978845,
                "task-clock": 7436.8,