{
    "config": 3,
    "clang_size": {
        "size-text": 98017923,
        "size-data": 2975976,
        "size-bss": 449904,
        "size-total": 101443803,
        "wall-time": 782.0670199394226
    },
    "data": {
        "NewPM-O3": {
            "lencod": {
                "instructions": 81182259045,
                "instructions:u": 79608569972,
                "cycles": 54947445188,
                "task-clock": 15273.029999999999,
                "branches": 15683385484,
                "branch-misses": 423883893,
                "max-rss": 3960576,
                "wall-time": 15.65,
                "size-file": 990680,
                "size-text": 911359,
                "size-data": 15136,
                "size-bss": 108640,
                "size-total": 1035135
            },
            "Bullet": {
                "instructions": 115492127907,
                "instructions:u": 111640835657,
                "cycles": 89223337812,
                "task-clock": 24803.090000000007,
                "branches": 22473875806,
                "branch-misses": 649660442,
                "max-rss": 9204788,
                "wall-time": 25.569999999999997,
                "size-file": 1930240,
                "size-text": 908227,
                "size-data": 772680,
                "size-bss": 43440,
                "size-total": 1724347
            },
            "mafft": {
                "instructions": 42237218418,
                "instructions:u": 41434008113,
                "cycles": 30537369038,
                "task-clock": 8488.829999999998,
                "branches": 8167515218,
                "branch-misses": 265585206,
                "max-rss": 1998920,
                "wall-time": 8.659999999999998,
                "size-file": 573264,
                "size-text": 502677,
                "size-data": 9077,
                "size-bss": 132716752,
                "size-total": 133228506
            },
            "tramp3d-v4": {
                "instructions": 103920426214,
                "instructions:u": 103543661473,
                "cycles": 81052209449,
                "task-clock": 22532.47,
                "branches": 20426906204,
                "branch-misses": 618448657,
                "max-rss": 297236,
                "wall-time": 22.56,
                "size-file": 1386040,
                "size-text": 1035257,
                "size-data": 7448,
                "size-bss": 1456,
                "size-total": 1044161
            },
            "ClamAV": {
                "instructions": 67958053380,
                "instructions:u": 65347036724,
                "cycles": 49628137777,
                "task-clock": 13796.039999999997,
                "branches": 13283206496,
                "branch-misses": 433422243,
                "max-rss": 6830708,
                "wall-time": 14.39,
                "size-file": 885792,
                "size-text": 768234,
                "size-data": 66772,
                "size-bss": 4688,
                "size-total": 839694
            },
            "kimwitu++": {
                "instructions": 47809740643,
                "instructions:u": 47029113166,
                "cycles": 40387106802,
                "task-clock": 11227.49,
                "branches": 9479650852,
                "branch-misses": 305654401,
                "max-rss": 1337752,
                "wall-time": 11.33,
                "size-file": 1380568,
                "size-text": 886423,
                "size-data": 71728,
                "size-bss": 12256,
                "size-total": 970407
            },
            "sqlite3": {
                "instructions": 45777534875,
                "instructions:u": 45611656470,
                "cycles": 35516789113,
                "task-clock": 9872.22,
                "branches": 9006899137,
                "branch-misses": 322331966,
                "max-rss": 236100,
                "wall-time": 9.89,
                "size-file": 608552,
                "size-text": 562842,
                "size-data": 5671,
                "size-bss": 664,
                "size-total": 569177
            },
            "SPASS": {
                "instructions": 55526426048,
                "instructions:u": 54140290509,
                "cycles": 43320166643,
                "task-clock": 12042,
                "branches": 10907019029,
                "branch-misses": 392949155,
                "max-rss": 3628556,
                "wall-time": 12.350000000000001,
                "size-file": 723040,
                "size-text": 647787,
                "size-data": 2656,
                "size-bss": 358728,
                "size-total": 1009171
            },
            "7zip": {
                "instructions": 234135886403,
                "instructions:u": 225952857673,
                "cycles": 200292060312,
                "task-clock": 55680.100000000006,
                "branches": 45672936207,
                "branch-misses": 1429952093,
                "max-rss": 17019372,
                "wall-time": 57.10999999999999,
                "size-file": 1615408,
                "size-text": 1244459,
                "size-data": 40136,
                "size-bss": 29344,
                "size-total": 1313939
            },
            "consumer-typeset": {
                "instructions": 42799119609,
                "instructions:u": 41426466317,
                "cycles": 31107597591,
                "task-clock": 8647.47,
                "branches": 8389220577,
                "branch-misses": 255616178,
                "max-rss": 3635968,
                "wall-time": 8.94,
                "size-file": 603624,
                "size-text": 556147,
                "size-data": 7056,
                "size-bss": 65208,
                "size-total": 628411
            },
            "geomean": {
                "instructions": 71321784435.67096,
                "instructions:u": 69706747774.4136,
                "cycles": 54546227431.40515,
                "task-clock": 15162.915935199682,
                "branches": 13948154595.723547,
                "branch-misses": 440872721.0865334,
                "max-rss": 2524005.920723078,
                "wall-time": 15.489256401370415,
                "size-file": 977591.3367809968,
                "size-text": 770787.1296278634,
                "size-data": 20932.71824158484,
                "size-bss": 43431.58309369507,
                "size-total": 1578371.5135340495
            }
        },
        "NewPM-ReleaseThinLTO": {
            "lencod": {
                "instructions": 139972507400,
                "instructions:u": 138413991688,
                "cycles": 88739488874,
                "task-clock": 24665.739999999998,
                "branches": 27087472312,
                "branch-misses": 612416659,
                "max-rss": 3536212,
                "wall-time": 15.629999999999992,
                "size-file": 1052752,
                "size-text": 974350,
                "size-data": 15140,
                "size-bss": 106056,
                "size-total": 1095546
            },
            "Bullet": {
                "instructions": 109872599605,
                "instructions:u": 106095101771,
                "cycles": 84746552687,
                "task-clock": 23558.080000000005,
                "branches": 21378436701,
                "branch-misses": 577188245,
                "max-rss": 8321140,
                "wall-time": 30.889999999999993,
                "size-file": 910848,
                "size-text": 391898,
                "size-data": 415224,
                "size-bss": 42336,
                "size-total": 849458
            },
            "mafft": {
                "instructions": 37187238842,
                "instructions:u": 36407187701,
                "cycles": 26472969259,
                "task-clock": 7358.93,
                "branches": 7234175203,
                "branch-misses": 214849847,