{
    "config": 3,
    "clang_size": {
        "size-text": 92673364,
        "size-data": 4266792,
        "size-bss": 319528,
        "size-total": 97259684,
        "wall-time": 38.76172399520874
    },
    "data": {
        "NewPM-O0-g": {
            "lencod": {
                "instructions": 15236403181,
                "instructions:u": 13765091638,
                "cycles": 10757680881,
                "task-clock": 2991.29,
                "branches": 2851609182,
                "branch-misses": 53711955,
                "max-rss": 3513584,
                "wall-time": 3.29,
                "size-file": 2104152,
                "size-text": 916867,
                "size-data": 16688,
                "size-bss": 109376,
                "size-total": 1042931
            },
            "Bullet": {
                "instructions": 70283216017,
                "instructions:u": 66261165756,
                "cycles": 52698835195,
                "task-clock": 14651.790000000005,
                "branches": 13320780691,
                "branch-misses": 292014690,
                "max-rss": 8574580,
                "wall-time": 15.389999999999997,
                "size-file": 5263920,
                "size-text": 1229327,
                "size-data": 772904,
                "size-bss": 45552,
                "size-total": 2047783
            },
            "mafft": {
                "instructions": 7936736397,
                "instructions:u": 7200303102,
                "cycles": 5508561375,
                "task-clock": 1531.88,
                "branches": 1500127392,
                "branch-misses": 28235441,
                "max-rss": 1743320,
                "wall-time": 1.7300000000000004,
                "size-file": 854152,
                "size-text": 431690,
                "size-data": 9005,
                "size-bss": 132727136,
                "size-total": 133167831
            },
            "tramp3d-v4": {
                "instructions": 23165461395,
                "instructions:u": 22571499974,
                "cycles": 19909749404,
                "task-clock": 5535.179999999999,
                "branches": 4325394125,
                "branch-misses": 105722762,
                "max-rss": 401468,
                "wall-time": 5.55,
                "size-file": 9694216,
                "size-text": 1351918,
                "size-data": 7968,
                "size-bss": 1544,
                "size-total": 1361430
            },
            "ClamAV": {
                "instructions": 17038321879,
                "instructions:u": 14591701227,
                "cycles": 13050925101,
                "task-clock": 3629.740000000001,
                "branches": 3210397234,
                "branch-misses": 69286740,
                "max-rss": 6028084,
                "wall-time": 4.269999999999996,
                "size-file": 1814808,
                "size-text": 907863,
                "size-data": 68532,
                "size-bss": 4688,
                "size-total": 981083
            },
            "kimwitu++": {
                "instructions": 26667832563,
                "instructions:u": 25782075320,
                "cycles": 22716831035,
                "task-clock": 6314.61,
                "branches": 5082877724,
                "branch-misses": 135965278,
                "max-rss": 1309288,
                "wall-time": 6.449999999999999,
                "size-file": 4464960,
                "size-text": 1412124,
                "size-data": 80072,
                "size-bss": 12272,
                "size-total": 1504468
            },
            "sqlite3": {
                "instructions": 5530354631,
                "instructions:u": 5359129141,
                "cycles": 4004358913,
                "task-clock": 1113.8200000000002,
                "branches": 1016097246,
                "branch-misses": 21601060,
                "max-rss": 244920,
                "wall-time": 1.1400000000000001,
                "size-file": 1048048,
                "size-text": 514227,
                "size-data": 6320,
                "size-bss": 664,
                "size-total": 521211
            },
            "SPASS": {
                "instructions": 16560969859,
                "instructions:u": 15199796728,
                "cycles": 12726116116,
                "task-clock": 3538.5499999999997,
                "branches": 3122569019,
                "branch-misses": 70752123,
                "max-rss": 3217556,
                "wall-time": 3.86,
                "size-file": 1966896,
                "size-text": 905615,
                "size-data": 2800,
                "size-bss": 358744,
                "size-total": 1267159
            },
            "7zip": {
                "instructions": 84128479049,
                "instructions:u": 77127931549,
                "cycles": 68822434109,
                "task-clock": 19137.020000000004,
                "branches": 16202326422,
                "branch-misses": 388394669,
                "max-rss": 14421656,
                "wall-time": 20.339999999999996,
                "size-file": 5870472,
                "size-text": 1394085,
                "size-data": 44832,
                "size-bss": 29408,
                "size-total": 1468325
            },
            "consumer-typeset": {
                "instructions": 14826864566,
                "instructions:u": 13482173694,
                "cycles": 10260306825,
                "task-clock": 2853.5299999999997,
                "branches": 2788814726,
                "branch-misses": 49463275,
                "max-rss": 3287148,
                "wall-time": 3.1499999999999995,
                "size-file": 1725960,
                "size-text": 1085809,
                "size-data": 7816,
                "size-bss": 65232,
                "size-total": 1158857
            },
            "geomean": {
                "instructions": 19996144371.982563,
                "instructions:u": 18510906131.58736,
                "cycles": 15211540426.327469,
                "task-clock": 4229.825831903044,
                "branches": 3767806843.544981,
                "branch-misses": 81513352.36525396,
                "max-rss": 2395295.222493095,
                "wall-time": 4.546649597972508,
                "size-file": 2624791.928967009,
                "size-text": 949320.9008049807,
                "size-data": 22377.85598091198,
                "size-bss": 43942.20405340143,
                "size-total": 1908850.6863692019
            }
        }
    }
}