{
    "config": 2,
    "clang_size": {
        "size-text": 102355724,
        "size-data": 4588448,
        "size-bss": 449552,
        "size-total": 107393724
    },
    "data": {
        "NewPM-O0-g": {
            "lencod": {
                "instructions": 14988618513,
                "instructions:u": 13706916106,
                "cycles": 11012297385,
                "task-clock": 3061.7599999999998,
                "branches": 2840952426,
                "branch-misses": 54671978,
                "max-rss": 3709984,
                "wall-time": 3.18,
                "size-file": 2106080,
                "size-text": 917037,
                "size-data": 16688,
                "size-bss": 109376,
                "size-total": 1043101
            },
            "Bullet": {
                "instructions": 67852393479,
                "instructions:u": 64389252826,
                "cycles": 53898101797,
                "task-clock": 14984.08,
                "branches": 12901639839,
                "branch-misses": 305059695,
                "max-rss": 8969692,
                "wall-time": 15.190000000000001,
                "size-file": 5261288,
                "size-text": 1229506,
                "size-data": 772904,
                "size-bss": 45552,
                "size-total": 2047962
            },
            "mafft": {
                "instructions": 7673392822,
                "instructions:u": 7037112089,
                "cycles": 5614513718,
                "task-clock": 1561.0299999999997,
                "branches": 1468040904,
                "branch-misses": 28568806,
                "max-rss": 1836164,
                "wall-time": 1.5800000000000003,
                "size-file": 855512,
                "size-text": 431864,
                "size-data": 9005,
                "size-bss": 132727136,
                "size-total": 133168005
            },
            "tramp3d-v4": {
                "instructions": 24599371227,
                "instructions:u": 24010510671,
                "cycles": 21657824838,
                "task-clock": 6020.78,
                "branches": 4629104681,
                "branch-misses": 119477150,
                "max-rss": 415924,
                "wall-time": 6.029999999999999,
                "size-file": 9738496,
                "size-text": 1350735,
                "size-data": 8016,
                "size-bss": 1544,
                "size-total": 1360295
            },
            "ClamAV": {
                "instructions": 16776523771,
                "instructions:u": 14634513992,
                "cycles": 13399808014,
                "task-clock": 3726.3800000000006,
                "branches": 3200716342,
                "branch-misses": 70939619,
                "max-rss": 6387456,
                "wall-time": 3.909999999999998,
                "size-file": 1818344,
                "size-text": 908129,
                "size-data": 68532,
                "size-bss": 4688,
                "size-total": 981349
            },
            "kimwitu++": {
                "instructions": 27322647884,
                "instructions:u": 26548012837,
                "cycles": 23972937164,
                "task-clock": 6663.84,
                "branches": 5230938721,
                "branch-misses": 146631259,
                "max-rss": 1358392,
                "wall-time": 6.71,
                "size-file": 4447472,
                "size-text": 1405962,
                "size-data": 80040,
                "size-bss": 12272,
                "size-total": 1498274
            },
            "sqlite3": {
                "instructions": 5572410192,
                "instructions:u": 5431158537,
                "cycles": 4091219715,
                "task-clock": 1137.49,
                "branches": 1041777793,
                "branch-misses": 23043410,
                "max-rss": 254172,
                "wall-time": 1.1400000000000001,
                "size-file": 1055240,
                "size-text": 514517,
                "size-data": 6320,
                "size-bss": 664,
                "size-total": 521501
            },
            "SPASS": {
                "instructions": 16369754642,
                "instructions:u": 15182682219,
                "cycles": 13280383530,
                "task-clock": 3692.2400000000002,
                "branches": 3120103305,
                "branch-misses": 74605751,
                "max-rss": 3388976,
                "wall-time": 3.7999999999999994,
                "size-file": 1973616,
                "size-text": 905796,
                "size-data": 2800,
                "size-bss": 358744,
                "size-total": 1267340
            },
            "7zip": {
                "instructions": 141954367939,
                "instructions:u": 134953657592,
                "cycles": 128204206115,
                "task-clock": 35639.57000000003,
                "branches": 27393533978,
                "branch-misses": 726494319,
                "max-rss": 16255624,
                "wall-time": 36.08000000000001,
                "size-file": 5852608,
                "size-text": 1394435,
                "size-data": 44848,
                "size-bss": 29408,
                "size-total": 1468691
            },
            "consumer-typeset": {
                "instructions": 14715429503,
                "instructions:u": 13540416426,
                "cycles": 10623210711,
                "task-clock": 2953.7799999999997,
                "branches": 2791682885,
                "branch-misses": 50872313,
                "max-rss": 3482656,
                "wall-time": 3.059999999999999,
                "size-file": 1721536,
                "size-text": 1086024,
                "size-data": 7816,
                "size-bss": 65232,
                "size-total": 1159072
            },
            "geomean": {
                "instructions": 21011013067.144257,
                "instructions:u": 19683471656.252056,
                "cycles": 16727921042.300365,
                "task-clock": 4650.744753895058,
                "branches": 3995424302.8761353,
                "branch-misses": 90687509.19335099,
                "max-rss": 2530194.1526036835,
                "wall-time": 4.744096313429333,
                "size-file": 2627213.489712578,
                "size-text": 949035.2899020683,
                "size-data": 22391.20416260419,
                "size-bss": 43942.20405340143,
                "size-total": 1908220.2991881254
            }
        }
    }
}