{
    "config": 2,
    "clang_size": {
        "size-text": 102346991,
        "size-data": 4588448,
        "size-bss": 449552,
        "size-total": 107384991
    },
    "data": {
        "NewPM-O0-g": {
            "lencod": {
                "instructions": 14992008568,
                "instructions:u": 13708269802,
                "cycles": 11034817053,
                "task-clock": 3068.02,
                "branches": 2841789496,
                "branch-misses": 54801831,
                "max-rss": 3710492,
                "wall-time": 3.1700000000000004,
                "size-file": 2106080,
                "size-text": 917037,
                "size-data": 16688,
                "size-bss": 109376,
                "size-total": 1043101
            },
            "Bullet": {
                "instructions": 67831474942,
                "instructions:u": 64376970934,
                "cycles": 53694248270,
                "task-clock": 14928.639999999996,
                "branches": 12896705996,
                "branch-misses": 304991219,
                "max-rss": 8971620,
                "wall-time": 15.209999999999999,
                "size-file": 5261288,
                "size-text": 1229506,
                "size-data": 772904,
                "size-bss": 45552,
                "size-total": 2047962
            },
            "mafft": {
                "instructions": 7673625706,
                "instructions:u": 7038327906,
                "cycles": 5608139242,
                "task-clock": 1559.3199999999997,
                "branches": 1468287526,
                "branch-misses": 28530097,
                "max-rss": 1832312,
                "wall-time": 1.6100000000000003,
                "size-file": 855512,
                "size-text": 431864,
                "size-data": 9005,
                "size-bss": 132727136,
                "size-total": 133168005
            },
            "tramp3d-v4": {
                "instructions": 24598358901,
                "instructions:u": 23984542420,
                "cycles": 21672302144,
                "task-clock": 6024.29,
                "branches": 4626348283,
                "branch-misses": 119726162,
                "max-rss": 415604,
                "wall-time": 6.04,
                "size-file": 9738496,
                "size-text": 1350735,
                "size-data": 8016,
                "size-bss": 1544,
                "size-total": 1360295
            },
            "ClamAV": {
                "instructions": 16771131171,
                "instructions:u": 14632529432,
                "cycles": 13461198111,
                "task-clock": 3742.9600000000014,
                "branches": 3199498127,
                "branch-misses": 70924919,
                "max-rss": 6387544,
                "wall-time": 3.9499999999999957,
                "size-file": 1818344,
                "size-text": 908129,
                "size-data": 68532,
                "size-bss": 4688,
                "size-total": 981349
            },
            "kimwitu++": {
                "instructions": 27319927137,
                "instructions:u": 26547627979,
                "cycles": 23857243250,
                "task-clock": 6631.71,
                "branches": 5230900770,
                "branch-misses": 146170235,
                "max-rss": 1361480,
                "wall-time": 6.659999999999999,
                "size-file": 4447472,
                "size-text": 1405962,
                "size-data": 80040,
                "size-bss": 12272,
                "size-total": 1498274
            },
            "sqlite3": {
                "instructions": 5571453093,
                "instructions:u": 5429780975,
                "cycles": 4127787765,
                "task-clock": 1147.67,
                "branches": 1041626121,
                "branch-misses": 23000678,
                "max-rss": 255004,
                "wall-time": 1.1600000000000001,
                "size-file": 1055240,
                "size-text": 514517,
                "size-data": 6320,
                "size-bss": 664,
                "size-total": 521501
            },
            "SPASS": {
                "instructions": 16371007859,
                "instructions:u": 15184657704,
                "cycles": 13322165467,
                "task-clock": 3703.770000000002,
                "branches": 3120037819,
                "branch-misses": 74686595,
                "max-rss": 3397696,
                "wall-time": 3.8,
                "size-file": 1973616,
                "size-text": 905796,
                "size-data": 2800,
                "size-bss": 358744,
                "size-total": 1267340
            },
            "7zip": {
                "instructions": 141943377338,
                "instructions:u": 134947642701,
                "cycles": 127990530631,
                "task-clock": 35581.54000000001,
                "branches": 27390553839,
                "branch-misses": 725429158,
                "max-rss": 16258244,
                "wall-time": 36.05000000000002,
                "size-file": 5852608,
                "size-text": 1394435,
                "size-data": 44848,
                "size-bss": 29408,
                "size-total": 1468691
            },
            "consumer-typeset": {
                "instructions": 14717074215,
                "instructions:u": 13541051566,
                "cycles": 10571417258,
                "task-clock": 2939.370000000001,
                "branches": 2792018764,
                "branch-misses": 50968945,
                "max-rss": 3480552,
                "wall-time": 3,
                "size-file": 1721536,
                "size-text": 1086024,
                "size-data": 7816,
                "size-bss": 65232,
                "size-total": 1159072
            },
            "geomean": {
                "instructions": 21009805070.23792,
                "instructions:u": 19680966663.900497,
                "cycles": 16732945443.400202,
                "task-clock": 4652.110588092155,
                "branches": 3995001389.0380216,
                "branch-misses": 90680028.04499143,
                "max-rss": 2531500.3751003784,
                "wall-time": 4.752685455204799,
                "size-file": 2627213.489712578,
                "size-text": 949035.2899020683,
                "size-data": 22391.20416260419,
                "size-bss": 43942.20405340143,
                "size-total": 1908220.2991881254
            }
        }
    }
}