{
    "config": 6,
    "clang_size": {
        "size-file": 150627608,
        "size-text": 127309576,
        "size-data": 2535068,
        "size-bss": 653621,
        "size-total": 130498265,
        "wall-time": 17.252937078475952
    },
    "stage2": {
        "size-file": 132240472,
        "size-text": 111496273,
        "size-data": 2459820,
        "size-bss": 486946,
        "size-total": 114443039,
        "wall-time-full": 598.6716620922089,
        "max-rss": 2387336,
        "wall-time": 594.32,
        "instructions": 35120234687296,
        "instructions:u": 34529998572398,
        "cycles": 41854188635374,
        "task-clock": 8511997.3,
        "branches": 6708828857432,
        "branch-misses": 304248064494,
        "wall-time-sum": 7786.986
    },
    "data": []
}