{
    "config": 3,
    "clang_size": {
        "size-text": 99286806,
        "size-data": 4445544,
        "size-bss": 446512,
        "size-total": 104178862,
        "wall-time": 58.29190707206726
    },
    "data": {
        "NewPM-O3": {
            "lencod": {
                "instructions": 82624839528,
                "instructions:u": 80931496328,
                "cycles": 55187073969,
                "task-clock": 15340.779999999995,
                "branches": 15943520587,
                "branch-misses": 423017722,
                "max-rss": 4144156,
                "wall-time": 15.679999999999998,
                "size-file": 986584,
                "size-text": 910063,
                "size-data": 15136,
                "size-bss": 108640,
                "size-total": 1033839
            },
            "Bullet": {
                "instructions": 116278445555,
                "instructions:u": 112180356146,
                "cycles": 89287709746,
                "task-clock": 24820.289999999994,
                "branches": 22621137872,
                "branch-misses": 648801672,
                "max-rss": 9641636,
                "wall-time": 25.559999999999995,
                "size-file": 1934336,
                "size-text": 910927,
                "size-data": 772680,
                "size-bss": 43440,
                "size-total": 1727047
            },
            "mafft": {
                "instructions": 42828767774,
                "instructions:u": 41974069701,
                "cycles": 30655394012,
                "task-clock": 8521.29,
                "branches": 8277697687,
                "branch-misses": 266456312,
                "max-rss": 2092276,
                "wall-time": 8.7,
                "size-file": 573264,
                "size-text": 503125,
                "size-data": 9077,
                "size-bss": 132716752,
                "size-total": 133228954
            },
            "tramp3d-v4": {
                "instructions": 104849803383,
                "instructions:u": 104456428665,
                "cycles": 81246957100,
                "task-clock": 22585.71,
                "branches": 20595279639,
                "branch-misses": 624503064,
                "max-rss": 303208,
                "wall-time": 22.63,
                "size-file": 1394232,
                "size-text": 1044289,
                "size-data": 7448,
                "size-bss": 1456,
                "size-total": 1053193
            },
            "ClamAV": {
                "instructions": 68329226786,
                "instructions:u": 65533146274,
                "cycles": 49350329480,
                "task-clock": 13719.199999999997,
                "branches": 13338699640,
                "branch-misses": 433384079,
                "max-rss": 7158328,
                "wall-time": 14.290000000000003,
                "size-file": 889888,
                "size-text": 772106,
                "size-data": 66772,
                "size-bss": 4688,
                "size-total": 843566
            },
            "kimwitu++": {
                "instructions": 47916980208,
                "instructions:u": 47116781100,
                "cycles": 40139598002,
                "task-clock": 11157.75,
                "branches": 9497572731,
                "branch-misses": 306406949,
                "max-rss": 1384160,
                "wall-time": 11.250000000000002,
                "size-file": 1384664,
                "size-text": 888703,
                "size-data": 71728,
                "size-bss": 12256,
                "size-total": 972687
            },
            "sqlite3": {
                "instructions": 46234944509,
                "instructions:u": 46064451694,
                "cycles": 35566599431,
                "task-clock": 9885.310000000001,
                "branches": 9099439779,
                "branch-misses": 324236896,
                "max-rss": 245412,
                "wall-time": 9.91,
                "size-file": 612648,
                "size-text": 566154,
                "size-data": 5671,
                "size-bss": 664,
                "size-total": 572489
            },
            "SPASS": {
                "instructions": 55811321470,
                "instructions:u": 54341349699,
                "cycles": 43119062266,
                "task-clock": 11985.09,
                "branches": 10964258073,
                "branch-misses": 393196574,
                "max-rss": 3802028,
                "wall-time": 12.260000000000003,
                "size-file": 723040,
                "size-text": 647787,
                "size-data": 2656,
                "size-bss": 358728,
                "size-total": 1009171
            },
            "7zip": {
                "instructions": 234812179164,
                "instructions:u": 226244123519,
                "cycles": 199457208320,
                "task-clock": 55448.599999999984,
                "branches": 45807271844,
                "branch-misses": 1426550416,
                "max-rss": 17728660,
                "wall-time": 56.99,
                "size-file": 1619504,
                "size-text": 1246659,
                "size-data": 40136,
                "size-bss": 29344,
                "size-total": 1316139
            },
            "consumer-typeset": {
                "instructions": 43114120962,
                "instructions:u": 41648397594,
                "cycles": 30970958445,
                "task-clock": 8609.009999999998,
                "branches": 8451325478,
                "branch-misses": 256839020,
                "max-rss": 3808916,
                "wall-time": 8.879999999999999,
                "size-file": 603656,
                "size-text": 556667,
                "size-data": 7152,
                "size-bss": 65208,
                "size-total": 629027
            },
            "geomean": {
                "instructions": 71895909071.28255,
                "instructions:u": 70182029052.25533,
                "cycles": 54479387552.26316,
                "task-clock": 15143.889046631051,
                "branches": 14055151164.33494,
                "branch-misses": 441796525.3531445,
                "max-rss": 2629863.9127530563,
                "wall-time": 15.459915694434978,
                "size-file": 979620.8818314024,
                "size-text": 772893.2543294637,
                "size-data": 20961.02525149738,
                "size-bss": 43431.58309369507,
                "size-total": 1582216.387312699
            }
        },
        "NewPM-ReleaseThinLTO": {
            "lencod": {
                "instructions": 143388518170,
                "instructions:u": 141721710339,
                "cycles": 89930884697,
                "task-clock": 25002.75,
                "branches": 27710474157,
                "branch-misses": 616328123,
                "max-rss": 3741196,
                "wall-time": 14.7,
                "size-file": 1052768,
                "size-text": 976038,
                "size-data": 15140,
                "size-bss": 106056,
                "size-total": 1097234
            },
            "Bullet": {
                "instructions": 110576079413,
                "instructions:u": 106568034347,
                "cycles": 84788207732,
                "task-clock": 23571.410000000007,
                "branches": 21509735484,
                "branch-misses": 578161461,
                "max-rss": 8772296,
                "wall-time": 31.670000000000012,
                "size-file": 914856,
                "size-text": 393882,
                "size-data": 415224,
                "size-bss": 42336,
                "size-total": 851442
            },
            "mafft": {
                "instructions": 37784837811,
                "instructions:u": 36953463939,
                "cycles": 26613708853,
                "task-clock": 7399.360000000001,
                "branches": 7345214280,