{
    "config": 2,
    "clang_size": {
        "size-text": 92081963,
        "size-data": 3743960,
        "size-bss": 328196,
        "size-total": 96154119
    },
    "data": {
        "NewPM-O0-g": {
            "lencod": {
                "instructions": 14781094619,
                "instructions:u": 13546498995,
                "cycles": 10353437764,
                "task-clock": 2878.91,
                "branches": 2814206427,
                "branch-misses": 54167840,
                "max-rss": 3503796,
                "wall-time": 2.9899999999999993,
                "size-file": 2025448,
                "size-text": 901002,
                "size-data": 16632,
                "size-bss": 109408,
                "size-total": 1027042
            },
            "Bullet": {
                "instructions": 67373659142,
                "instructions:u": 64062660215,
                "cycles": 51078715562,
                "task-clock": 14199.949999999999,
                "branches": 12862289907,
                "branch-misses": 294216776,
                "max-rss": 8430572,
                "wall-time": 14.469999999999999,
                "size-file": 5338456,
                "size-text": 1185891,
                "size-data": 747920,
                "size-bss": 45552,
                "size-total": 1979363
            },
            "mafft": {
                "instructions": 7654572956,
                "instructions:u": 7047443693,
                "cycles": 5351433223,
                "task-clock": 1488.13,
                "branches": 1467134661,
                "branch-misses": 28337802,
                "max-rss": 1735996,
                "wall-time": 1.5300000000000005,
                "size-file": 845760,
                "size-text": 435537,
                "size-data": 8941,
                "size-bss": 132727168,
                "size-total": 133171646
            },
            "tramp3d-v4": {
                "instructions": 24289991136,
                "instructions:u": 23701193653,
                "cycles": 20446650038,
                "task-clock": 5683.94,
                "branches": 4583154921,
                "branch-misses": 110429347,
                "max-rss": 405144,
                "wall-time": 5.69,
                "size-file": 9857504,
                "size-text": 1346665,
                "size-data": 1464,
                "size-bss": 2136,
                "size-total": 1350265
            },
            "ClamAV": {
                "instructions": 16470674680,
                "instructions:u": 14431795301,
                "cycles": 12434293420,
                "task-clock": 3458.03,
                "branches": 3158490768,
                "branch-misses": 69955785,
                "max-rss": 6020128,
                "wall-time": 3.609999999999998,
                "size-file": 1640656,
                "size-text": 861969,
                "size-data": 62788,
                "size-bss": 4768,
                "size-total": 929525
            },
            "kimwitu++": {
                "instructions": 27234503072,
                "instructions:u": 26473572592,
                "cycles": 22967427300,
                "task-clock": 6384.31,
                "branches": 5243374288,
                "branch-misses": 139402212,
                "max-rss": 1300224,
                "wall-time": 6.420000000000001,
                "size-file": 4322808,
                "size-text": 1328822,
                "size-data": 31280,
                "size-bss": 12640,
                "size-total": 1372742
            },
            "sqlite3": {
                "instructions": 5544064223,
                "instructions:u": 5405392809,
                "cycles": 3963282810,
                "task-clock": 1101.8999999999999,
                "branches": 1044100844,
                "branch-misses": 22490930,
                "max-rss": 243312,
                "wall-time": 1.11,
                "size-file": 1036192,
                "size-text": 518014,
                "size-data": 3280,
                "size-bss": 696,
                "size-total": 521990
            },
            "SPASS": {
                "instructions": 16349811340,
                "instructions:u": 15215708962,
                "cycles": 12544086820,
                "task-clock": 3487.849999999999,
                "branches": 3140319469,
                "branch-misses": 72588549,
                "max-rss": 3206432,
                "wall-time": 3.5999999999999996,
                "size-file": 1921240,
                "size-text": 903815,
                "size-data": 920,
                "size-bss": 358776,
                "size-total": 1263511
            },
            "7zip": {
                "instructions": 77022878921,
                "instructions:u": 71278040999,
                "cycles": 62810526998,
                "task-clock": 17460.879999999997,
                "branches": 14991299473,
                "branch-misses": 376838424,
                "max-rss": 14279000,
                "wall-time": 17.780000000000005,
                "size-file": 5893928,
                "size-text": 1336680,
                "size-data": 7816,
                "size-bss": 29440,
                "size-total": 1373936
            },
            "consumer-typeset": {
                "instructions": 13943016297,
                "instructions:u": 12830899199,
                "cycles": 9712961291,
                "task-clock": 2700.9300000000003,
                "branches": 2670453073,
                "branch-misses": 49584180,
                "max-rss": 3277524,
                "wall-time": 2.749999999999999,
                "size-file": 1566360,
                "size-text": 1007257,
                "size-data": 7512,
                "size-bss": 65264,
                "size-total": 1080033
            },
            "geomean": {
                "instructions": 19533017450.229233,
                "instructions:u": 18279735547.443314,
                "cycles": 14791180916.528357,
                "task-clock": 4112.4699941336585,
                "branches": 3735545013.6265483,
                "branch-misses": 82629034.06192087,
                "max-rss": 2384298.978028661,
                "wall-time": 4.199403033971706,
                "size-file": 2552732.2270629555,
                "size-text": 923762.3123692193,
                "size-data": 11893.979865354977,
                "size-bss": 45827.324643270484,
                "size-total": 1844777.1747801614
            }
        },
        "LegacyPM-O0-g": {
            "lencod": {
                "instructions": 14755642539,
                "instructions:u": 13532923653,
                "cycles": 10346075624,
                "task-clock": 2876.89,
                "branches": 2810134536,
                "branch-misses": 54019575,
                "max-rss": 3469968,
                "wall-time": 2.9899999999999998,
                "size-file": 2025448,
                "size-text": 901002,
                "size-data": 16632,
                "size-bss": 109408,
                "size-total": 1027042
            },
            "Bullet": {
                "instructions": 67324353879,
                "instructions:u": 63964386457,
                "cycles": 51020900122,
                "task-clock": 14185.620000000006,
                "branches": 12855473669,
                "branch-misses": 293721484,
                "max-rss": 8354564,
                "wall-time": 14.870000000000001,
                "size-file": 5338456,
                "size-text": 1185891,
                "size-data": 747920,
                "size-bss": 45552,
                "size-total": 1979363
            },
            "mafft": {
                "instructions": 7650431628,
                "instructions:u": 7043335426,
                "cycles": 5330946628,
                "task-clock": 1482.6200000000006,
                "branches": 1466549849,
                "branch-misses": 28310134,