{
    "config": 3,
    "clang_size": {
        "size-text": 102161141,
        "size-data": 3221648,
        "size-bss": 461776,
        "size-total": 105844565,
        "wall-time": 197.8736710548401
    },
    "data": {
        "NewPM-O0-g": {
            "lencod": {
                "instructions": 15187880123,
                "instructions:u": 13681878485,
                "cycles": 10743487000,
                "task-clock": 2987.359999999999,
                "branches": 2856700078,
                "branch-misses": 54798532,
                "max-rss": 3543944,
                "wall-time": 3.29,
                "size-file": 2105224,
                "size-text": 915619,
                "size-data": 16688,
                "size-bss": 109376,
                "size-total": 1041683
            },
            "Bullet": {
                "instructions": 71470791995,
                "instructions:u": 67319863353,
                "cycles": 55160118106,
                "task-clock": 15334.339999999997,
                "branches": 13654952532,
                "branch-misses": 307943048,
                "max-rss": 8676304,
                "wall-time": 16.049999999999994,
                "size-file": 5257768,
                "size-text": 1228327,
                "size-data": 772904,
                "size-bss": 45552,
                "size-total": 2046783
            },
            "mafft": {
                "instructions": 7938254305,
                "instructions:u": 7188837623,
                "cycles": 5576743130,
                "task-clock": 1550.73,
                "branches": 1506142109,
                "branch-misses": 28966344,
                "max-rss": 1746812,
                "wall-time": 1.7500000000000004,
                "size-file": 854744,
                "size-text": 431674,
                "size-data": 9005,
                "size-bss": 132727136,
                "size-total": 133167815
            },
            "tramp3d-v4": {
                "instructions": 24136324609,
                "instructions:u": 23510512811,
                "cycles": 21574299598,
                "task-clock": 5998.2699999999995,
                "branches": 4539915620,
                "branch-misses": 116328588,
                "max-rss": 418016,
                "wall-time": 6.02,
                "size-file": 9753144,
                "size-text": 1355313,
                "size-data": 8032,
                "size-bss": 1544,
                "size-total": 1364889
            },
            "ClamAV": {
                "instructions": 17019968628,
                "instructions:u": 14464716049,
                "cycles": 13014347739,
                "task-clock": 3619.7599999999984,
                "branches": 3224006713,
                "branch-misses": 71500618,
                "max-rss": 6088424,
                "wall-time": 4.2899999999999965,
                "size-file": 1817312,
                "size-text": 907415,
                "size-data": 68532,
                "size-bss": 4688,
                "size-total": 980635
            },
            "kimwitu++": {
                "instructions": 27328301838,
                "instructions:u": 26386903476,
                "cycles": 24221050455,
                "task-clock": 6733.35,
                "branches": 5244932904,
                "branch-misses": 146717881,
                "max-rss": 1323312,
                "wall-time": 6.830000000000002,
                "size-file": 4471832,
                "size-text": 1412100,
                "size-data": 80072,
                "size-bss": 12272,
                "size-total": 1504444
            },
            "sqlite3": {
                "instructions": 5484623915,
                "instructions:u": 5316334555,
                "cycles": 4039458219,
                "task-clock": 1123.11,
                "branches": 1013552447,
                "branch-misses": 22245476,
                "max-rss": 244316,
                "wall-time": 1.1500000000000001,
                "size-file": 1050168,
                "size-text": 514083,
                "size-data": 6320,
                "size-bss": 664,
                "size-total": 521067
            },
            "SPASS": {
                "instructions": 16746139345,
                "instructions:u": 15332851104,
                "cycles": 13105295980,
                "task-clock": 3643.7999999999997,
                "branches": 3172892912,
                "branch-misses": 73827630,
                "max-rss": 3248208,
                "wall-time": 3.959999999999999,
                "size-file": 1972688,
                "size-text": 905513,
                "size-data": 2792,
                "size-bss": 358744,
                "size-total": 1267049
            },
            "7zip": {
                "instructions": 154471430492,
                "instructions:u": 145497288453,
                "cycles": 137763061785,
                "task-clock": 38301.020000000004,
                "branches": 30051479127,
                "branch-misses": 772378485,
                "max-rss": 15852972,
                "wall-time": 39.610000000000035,
                "size-file": 5854576,
                "size-text": 1393789,
                "size-data": 44832,
                "size-bss": 29408,
                "size-total": 1468029
            },
            "consumer-typeset": {
                "instructions": 14777942411,
                "instructions:u": 13402517684,
                "cycles": 10340765164,
                "task-clock": 2875.6599999999994,
                "branches": 2791527821,
                "branch-misses": 51002885,
                "max-rss": 3333968,
                "wall-time": 3.1499999999999995,
                "size-file": 1720648,
                "size-text": 1085681,
                "size-data": 7816,
                "size-bss": 65232,
                "size-total": 1158729
            },
            "geomean": {
                "instructions": 21414685437.319607,
                "instructions:u": 19838939736.583527,
                "cycles": 16707668869.944223,
                "task-clock": 4645.527676259234,
                "branches": 4059956591.363046,
                "branch-misses": 90917981.47470853,
                "max-rss": 2443484.3869063887,
                "wall-time": 4.973580931510339,
                "size-file": 2626939.112495017,
                "size-text": 949231.8239683933,
                "size-data": 22389.358491993236,
                "size-bss": 43942.20405340143,
                "size-total": 1908794.1235265424
            }
        }
    }
}