{
    "config": 3,
    "clang_size": {
        "size-text": 99642577,
        "size-data": 3586112,
        "size-bss": 449008,
        "size-total": 103677697,
        "wall-time": 299.51154708862305
    },
    "data": {
        "NewPM-O0-g": {
            "lencod": {
                "instructions": 15261108916,
                "instructions:u": 13819291592,
                "cycles": 10773665531,
                "task-clock": 2996.0099999999998,
                "branches": 2851785610,
                "branch-misses": 55143609,
                "max-rss": 3565600,
                "wall-time": 3.3100000000000005,
                "size-file": 2105224,
                "size-text": 916819,
                "size-data": 16688,
                "size-bss": 109376,
                "size-total": 1042883
            },
            "Bullet": {
                "instructions": 71419573353,
                "instructions:u": 67456138711,
                "cycles": 54532939201,
                "task-clock": 15161.339999999998,
                "branches": 13531071380,
                "branch-misses": 307937237,
                "max-rss": 8733528,
                "wall-time": 15.889999999999992,
                "size-file": 5260440,
                "size-text": 1228375,
                "size-data": 772904,
                "size-bss": 45552,
                "size-total": 2046831
            },
            "mafft": {
                "instructions": 7950909369,
                "instructions:u": 7231629739,
                "cycles": 5566884140,
                "task-clock": 1548.1200000000006,
                "branches": 1499312146,
                "branch-misses": 28896816,
                "max-rss": 1765160,
                "wall-time": 1.7100000000000004,
                "size-file": 854688,
                "size-text": 431690,
                "size-data": 9005,
                "size-bss": 132727136,
                "size-total": 133167831
            },
            "tramp3d-v4": {
                "instructions": 24278607053,
                "instructions:u": 23658583553,
                "cycles": 21521938996,
                "task-clock": 5983.58,
                "branches": 4545765601,
                "branch-misses": 117672074,
                "max-rss": 417216,
                "wall-time": 6,
                "size-file": 9751248,
                "size-text": 1355313,
                "size-data": 8032,
                "size-bss": 1544,
                "size-total": 1364889
            },
            "ClamAV": {
                "instructions": 17006789304,
                "instructions:u": 14612824881,
                "cycles": 12969911544,
                "task-clock": 3607.1099999999997,
                "branches": 3197854939,
                "branch-misses": 71300977,
                "max-rss": 6124188,
                "wall-time": 4.259999999999995,
                "size-file": 1817216,
                "size-text": 907815,
                "size-data": 68532,
                "size-bss": 4688,
                "size-total": 981035
            },
            "kimwitu++": {
                "instructions": 27490882956,
                "instructions:u": 26608181956,
                "cycles": 23926736106,
                "task-clock": 6651.449999999999,
                "branches": 5245767173,
                "branch-misses": 145577899,
                "max-rss": 1327792,
                "wall-time": 6.760000000000002,
                "size-file": 4468240,
                "size-text": 1412260,
                "size-data": 80072,
                "size-bss": 12272,
                "size-total": 1504604
            },
            "sqlite3": {
                "instructions": 5574980126,
                "instructions:u": 5406802734,
                "cycles": 4104582433,
                "task-clock": 1141.47,
                "branches": 1026293309,
                "branch-misses": 22624262,
                "max-rss": 246252,
                "wall-time": 1.1600000000000001,
                "size-file": 1050144,
                "size-text": 514227,
                "size-data": 6320,
                "size-bss": 664,
                "size-total": 521211
            },
            "SPASS": {
                "instructions": 16791331405,
                "instructions:u": 15455545776,
                "cycles": 13070833755,
                "task-clock": 3634.0600000000004,
                "branches": 3160828491,
                "branch-misses": 74234824,
                "max-rss": 3265428,
                "wall-time": 3.9399999999999995,
                "size-file": 1972720,
                "size-text": 905615,
                "size-data": 2800,
                "size-bss": 358744,
                "size-total": 1267159
            },
            "7zip": {
                "instructions": 153335268034,
                "instructions:u": 145157001442,
                "cycles": 135198205043,
                "task-clock": 37580.890000000014,
                "branches": 29585229354,
                "branch-misses": 761488568,
                "max-rss": 15897376,
                "wall-time": 38.85000000000003,
                "size-file": 5857872,
                "size-text": 1394093,
                "size-data": 44832,
                "size-bss": 29408,
                "size-total": 1468333
            },
            "consumer-typeset": {
                "instructions": 14839341251,
                "instructions:u": 13524071103,
                "cycles": 10327835782,
                "task-clock": 2872.23,
                "branches": 2782341582,
                "branch-misses": 51014257,
                "max-rss": 3345248,
                "wall-time": 3.189999999999999,
                "size-file": 1720632,
                "size-text": 1085777,
                "size-data": 7816,
                "size-bss": 65232,
                "size-total": 1158825
            },
            "geomean": {
                "instructions": 21484438451.68813,
                "instructions:u": 19986888357.837406,
                "cycles": 16649028509.147709,
                "task-clock": 4629.31268105235,
                "branches": 4046852487.5700126,
                "branch-misses": 91037616.38524742,
                "max-rss": 2455681.0433337777,
                "wall-time": 4.948335602925912,
                "size-file": 2626922.989415311,
                "size-text": 949482.3689944934,
                "size-data": 22395.765524076764,
                "size-bss": 43942.20405340143,
                "size-total": 1909241.2320390856
            }
        }
    }
}