{
    "config": 3,
    "clang_size": {
        "size-text": 92673004,
        "size-data": 4266792,
        "size-bss": 319528,
        "size-total": 97259324,
        "wall-time": 38.881361961364746
    },
    "data": {
        "NewPM-O0-g": {
            "lencod": {
                "instructions": 15457052097,
                "instructions:u": 13980155801,
                "cycles": 10849557314,
                "task-clock": 3017.1899999999996,
                "branches": 2896444011,
                "branch-misses": 53886057,
                "max-rss": 3515696,
                "wall-time": 3.33,
                "size-file": 2104152,
                "size-text": 916867,
                "size-data": 16688,
                "size-bss": 109376,
                "size-total": 1042931
            },
            "Bullet": {
                "instructions": 70575389310,
                "instructions:u": 66546817972,
                "cycles": 52722502620,
                "task-clock": 14659.83,
                "branches": 13380970005,
                "branch-misses": 293336655,
                "max-rss": 8574016,
                "wall-time": 15.37,
                "size-file": 5263920,
                "size-text": 1229327,
                "size-data": 772904,
                "size-bss": 45552,
                "size-total": 2047783
            },
            "mafft": {
                "instructions": 8045815211,
                "instructions:u": 7306760430,
                "cycles": 5594291432,
                "task-clock": 1555.8300000000002,
                "branches": 1522330433,
                "branch-misses": 28335101,
                "max-rss": 1747996,
                "wall-time": 1.7300000000000004,
                "size-file": 854152,
                "size-text": 431690,
                "size-data": 9005,
                "size-bss": 132727136,
                "size-total": 133167831
            },
            "tramp3d-v4": {
                "instructions": 23407342469,
                "instructions:u": 22807643092,
                "cycles": 20255592667,
                "task-clock": 5632.17,
                "branches": 4377202290,
                "branch-misses": 107712418,
                "max-rss": 406832,
                "wall-time": 5.6499999999999995,
                "size-file": 9694216,
                "size-text": 1351918,
                "size-data": 7968,
                "size-bss": 1544,
                "size-total": 1361430
            },
            "ClamAV": {
                "instructions": 17220733375,
                "instructions:u": 14767814624,
                "cycles": 13091780504,
                "task-clock": 3641.9999999999995,
                "branches": 3247652767,
                "branch-misses": 69531736,
                "max-rss": 6017260,
                "wall-time": 4.239999999999996,
                "size-file": 1814808,
                "size-text": 907863,
                "size-data": 68532,
                "size-bss": 4688,
                "size-total": 981083
            },
            "kimwitu++": {
                "instructions": 26846547379,
                "instructions:u": 25957763372,
                "cycles": 22859960378,
                "task-clock": 6355.190000000001,
                "branches": 5120043500,
                "branch-misses": 136033973,
                "max-rss": 1310356,
                "wall-time": 6.44,
                "size-file": 4464960,
                "size-text": 1412124,
                "size-data": 80072,
                "size-bss": 12272,
                "size-total": 1504468
            },
            "sqlite3": {
                "instructions": 5646077776,
                "instructions:u": 5472581343,
                "cycles": 4077854941,
                "task-clock": 1133.86,
                "branches": 1039547433,
                "branch-misses": 21841181,
                "max-rss": 248476,
                "wall-time": 1.1500000000000001,
                "size-file": 1048048,
                "size-text": 514227,
                "size-data": 6320,
                "size-bss": 664,
                "size-total": 521211
            },
            "SPASS": {
                "instructions": 16711614116,
                "instructions:u": 15343798485,
                "cycles": 12842668088,
                "task-clock": 3571.1699999999987,
                "branches": 3153247168,
                "branch-misses": 71103452,
                "max-rss": 3223828,
                "wall-time": 3.8499999999999996,
                "size-file": 1966896,
                "size-text": 905615,
                "size-data": 2800,
                "size-bss": 358744,
                "size-total": 1267159
            },
            "7zip": {
                "instructions": 84498813495,
                "instructions:u": 77502527888,
                "cycles": 68769992420,
                "task-clock": 19119.67000000002,
                "branches": 16281020193,
                "branch-misses": 389904218,
                "max-rss": 14430164,
                "wall-time": 20.33,
                "size-file": 5870472,
                "size-text": 1394085,
                "size-data": 44832,
                "size-bss": 29408,
                "size-total": 1468325
            },
            "consumer-typeset": {
                "instructions": 15078479893,
                "instructions:u": 13721414343,
                "cycles": 10405461591,
                "task-clock": 2894.41,
                "branches": 2839926341,
                "branch-misses": 49668660,
                "max-rss": 3296772,
                "wall-time": 3.1999999999999997,
                "size-file": 1725960,
                "size-text": 1085809,
                "size-data": 7816,
                "size-bss": 65232,
                "size-total": 1158857
            },
            "geomean": {
                "instructions": 20219088011.78495,
                "instructions:u": 18727801354.50243,
                "cycles": 15351540491.230982,
                "task-clock": 4268.987048482541,
                "branches": 3813723946.489982,
                "branch-misses": 81987395.75471146,
                "max-rss": 2403784.7264680066,
                "wall-time": 4.565528206636055,
                "size-file": 2624791.928967009,
                "size-text": 949320.9008049807,
                "size-data": 22377.85598091198,
                "size-bss": 43942.20405340143,
                "size-total": 1908850.6863692019
            }
        }
    }
}