{
    "config": 2,
    "clang_size": {
        "size-text": 99774520,
        "size-data": 4320352,
        "size-bss": 445120,
        "size-total": 104539992
    },
    "data": {
        "NewPM-O0-g": {
            "lencod": {
                "instructions": 11091420230,
                "instructions:u": 9903175633,
                "cycles": 8788008081,
                "task-clock": 2443.4,
                "branches": 2145581336,
                "branch-misses": 44895772,
                "max-rss": 3541036,
                "wall-time": 2.53,
                "size-file": 1005064,
                "size-text": 917037,
                "size-data": 16688,
                "size-bss": 109376,
                "size-total": 1043101
            },
            "Bullet": {
                "instructions": 60858393361,
                "instructions:u": 57584090431,
                "cycles": 48107431292,
                "task-clock": 13373.39,
                "branches": 11639443522,
                "branch-misses": 265360516,
                "max-rss": 8606224,
                "wall-time": 13.619999999999996,
                "size-file": 2440320,
                "size-text": 1229466,
                "size-data": 772904,
                "size-bss": 45552,
                "size-total": 2047922
            },
            "mafft": {
                "instructions": 5929067387,
                "instructions:u": 5333598905,
                "cycles": 4631622113,
                "task-clock": 1287.81,
                "branches": 1150769767,
                "branch-misses": 24136692,
                "max-rss": 1767440,
                "wall-time": 1.3400000000000003,
                "size-file": 504920,
                "size-text": 431864,
                "size-data": 9005,
                "size-bss": 132727136,
                "size-total": 133168005
            },
            "tramp3d-v4": {
                "instructions": 18527338779,
                "instructions:u": 18060673856,
                "cycles": 15955338587,
                "task-clock": 4435.610000000001,
                "branches": 3500672141,
                "branch-misses": 86170437,
                "max-rss": 301792,
                "wall-time": 4.4399999999999995,
                "size-file": 3135600,
                "size-text": 1350735,
                "size-data": 8016,
                "size-bss": 1544,
                "size-total": 1360295
            },
            "ClamAV": {
                "instructions": 13442236946,
                "instructions:u": 11403794643,
                "cycles": 11449540176,
                "task-clock": 3183.6899999999996,
                "branches": 2606649976,
                "branch-misses": 61258390,
                "max-rss": 6159664,
                "wall-time": 3.339999999999998,
                "size-file": 1038512,
                "size-text": 908129,
                "size-data": 68532,
                "size-bss": 4688,
                "size-total": 981349
            },
            "kimwitu++": {
                "instructions": 22761018647,
                "instructions:u": 22084141475,
                "cycles": 19978486519,
                "task-clock": 5553.68,
                "branches": 4402812757,
                "branch-misses": 123110277,
                "max-rss": 1249196,
                "wall-time": 5.59,
                "size-file": 2172992,
                "size-text": 1405930,
                "size-data": 80040,
                "size-bss": 12272,
                "size-total": 1498242
            },
            "sqlite3": {
                "instructions": 3337976845,
                "instructions:u": 3246708174,
                "cycles": 2647919113,
                "task-clock": 736.0799999999999,
                "branches": 640978946,
                "branch-misses": 16488767,
                "max-rss": 195784,
                "wall-time": 0.75,
                "size-file": 583480,
                "size-text": 514517,
                "size-data": 6320,
                "size-bss": 664,
                "size-total": 521501
            },
            "SPASS": {
                "instructions": 13024685464,
                "instructions:u": 11926675710,
                "cycles": 10966845598,
                "task-clock": 3049.2000000000007,
                "branches": 2519048234,
                "branch-misses": 60403046,
                "max-rss": 3242032,
                "wall-time": 3.16,
                "size-file": 1079920,
                "size-text": 905796,
                "size-data": 2800,
                "size-bss": 358744,
                "size-total": 1267340
            },
            "7zip": {
                "instructions": 132849692963,
                "instructions:u": 126122771638,
                "cycles": 120004289158,
                "task-clock": 33357.02,
                "branches": 25755961501,
                "branch-misses": 674407862,
                "max-rss": 15694588,
                "wall-time": 33.76000000000001,
                "size-file": 1910120,
                "size-text": 1394395,
                "size-data": 44848,
                "size-bss": 29408,
                "size-total": 1468651
            },
            "consumer-typeset": {
                "instructions": 10695803308,
                "instructions:u": 9574019644,
                "cycles": 8454490050,
                "task-clock": 2350.889999999999,
                "branches": 2072275425,
                "branch-misses": 42048240,
                "max-rss": 3357136,
                "wall-time": 2.4699999999999998,
                "size-file": 1136120,
                "size-text": 1086024,
                "size-data": 7816,
                "size-bss": 65232,
                "size-total": 1159072
            },
            "geomean": {
                "instructions": 16393039449.490427,
                "instructions:u": 15173339284.284239,
                "cycles": 13562392283.919462,
                "task-clock": 3770.5815096330352,
                "branches": 3160701996.4738708,
                "branch-misses": 74515310.34229665,
                "max-rss": 2302234.908062658,
                "wall-time": 3.8714989063368814,
                "size-file": 1281904.2247265163,
                "size-text": 949027.3199123781,
                "size-data": 22391.20416260419,
                "size-bss": 43942.20405340143,
                "size-total": 1908207.2993961535
            }
        }
    }
}