{
    "config": 3,
    "clang_size": {
        "size-text": 92676089,
        "size-data": 4266792,
        "size-bss": 319752,
        "size-total": 97262633,
        "wall-time": 38.82872796058655
    },
    "data": {
        "NewPM-O0-g": {
            "lencod": {
                "instructions": 15464282602,
                "instructions:u": 13983042632,
                "cycles": 10804611662,
                "task-clock": 3004.5900000000006,
                "branches": 2898013843,
                "branch-misses": 53780256,
                "max-rss": 3516408,
                "wall-time": 3.32,
                "size-file": 2104152,
                "size-text": 916867,
                "size-data": 16688,
                "size-bss": 109376,
                "size-total": 1042931
            },
            "Bullet": {
                "instructions": 70633690366,
                "instructions:u": 66611082381,
                "cycles": 52771630213,
                "task-clock": 14672.990000000013,
                "branches": 13394492139,
                "branch-misses": 293398543,
                "max-rss": 8563672,
                "wall-time": 15.409999999999998,
                "size-file": 5263920,
                "size-text": 1229327,
                "size-data": 772904,
                "size-bss": 45552,
                "size-total": 2047783
            },
            "mafft": {
                "instructions": 8044094190,
                "instructions:u": 7307147068,
                "cycles": 5558015447,
                "task-clock": 1545.5199999999998,
                "branches": 1521751314,
                "branch-misses": 28275957,
                "max-rss": 1744864,
                "wall-time": 1.7300000000000004,
                "size-file": 854152,
                "size-text": 431690,
                "size-data": 9005,
                "size-bss": 132727136,
                "size-total": 133167831
            },
            "tramp3d-v4": {
                "instructions": 23340232418,
                "instructions:u": 22740244750,
                "cycles": 20162529471,
                "task-clock": 5605.23,
                "branches": 4361885646,
                "branch-misses": 106059525,
                "max-rss": 407236,
                "wall-time": 5.640000000000001,
                "size-file": 9694216,
                "size-text": 1351918,
                "size-data": 7968,
                "size-bss": 1544,
                "size-total": 1361430
            },
            "ClamAV": {
                "instructions": 17217875920,
                "instructions:u": 14769445049,
                "cycles": 13094476779,
                "task-clock": 3641.810000000001,
                "branches": 3247004773,
                "branch-misses": 69347979,
                "max-rss": 6032732,
                "wall-time": 4.289999999999996,
                "size-file": 1814808,
                "size-text": 907863,
                "size-data": 68532,
                "size-bss": 4688,
                "size-total": 981083
            },
            "kimwitu++": {
                "instructions": 26838788013,
                "instructions:u": 25949895278,
                "cycles": 22863685533,
                "task-clock": 6356.280000000001,
                "branches": 5118055413,
                "branch-misses": 135985428,
                "max-rss": 1312080,
                "wall-time": 6.450000000000001,
                "size-file": 4464960,
                "size-text": 1412124,
                "size-data": 80072,
                "size-bss": 12272,
                "size-total": 1504468
            },
            "sqlite3": {
                "instructions": 5644972176,
                "instructions:u": 5472309179,
                "cycles": 4109921878,
                "task-clock": 1142.76,
                "branches": 1039554066,
                "branch-misses": 21635842,
                "max-rss": 249408,
                "wall-time": 1.1600000000000001,
                "size-file": 1048048,
                "size-text": 514227,
                "size-data": 6320,
                "size-bss": 664,
                "size-total": 521211
            },
            "SPASS": {
                "instructions": 16727901720,
                "instructions:u": 15340883002,
                "cycles": 12807774971,
                "task-clock": 3561.580000000001,
                "branches": 3155623349,
                "branch-misses": 70849469,
                "max-rss": 3216532,
                "wall-time": 3.9199999999999995,
                "size-file": 1966896,
                "size-text": 905615,
                "size-data": 2800,
                "size-bss": 358744,
                "size-total": 1267159
            },
            "7zip": {
                "instructions": 84506288602,
                "instructions:u": 77514628283,
                "cycles": 68653404549,
                "task-clock": 19088.319999999996,
                "branches": 16282464760,
                "branch-misses": 389302438,
                "max-rss": 14431344,
                "wall-time": 20.389999999999997,
                "size-file": 5870472,
                "size-text": 1394085,
                "size-data": 44832,
                "size-bss": 29408,
                "size-total": 1468325
            },
            "consumer-typeset": {
                "instructions": 15079273544,
                "instructions:u": 13725394058,
                "cycles": 10394630317,
                "task-clock": 2890.4799999999987,
                "branches": 2839796994,
                "branch-misses": 49561836,
                "max-rss": 3304352,
                "wall-time": 3.1799999999999997,
                "size-file": 1725960,
                "size-text": 1085809,
                "size-data": 7816,
                "size-bss": 65232,
                "size-total": 1158857
            },
            "geomean": {
                "instructions": 20216404538.87732,
                "instructions:u": 18724578130.885838,
                "cycles": 15333762093.434032,
                "task-clock": 4263.661932883728,
                "branches": 3812915900.202691,
                "branch-misses": 81667994.34749162,
                "max-rss": 2405211.5007090243,
                "wall-time": 4.581283142622585,
                "size-file": 2624791.928967009,
                "size-text": 949320.9008049807,
                "size-data": 22377.85598091198,
                "size-bss": 43942.20405340143,
                "size-total": 1908850.6863692019
            }
        }
    }
}