{
    "config": 6,
    "clang_size": {
        "size-file": 150627608,
        "size-text": 127309576,
        "size-data": 2535068,
        "size-bss": 653621,
        "size-total": 130498265,
        "wall-time": 15.481652975082397
    },
    "stage2": {
        "size-file": 132240472,
        "size-text": 111496273,
        "size-data": 2459820,
        "size-bss": 486946,
        "size-total": 114443039,
        "wall-time-full": 596.6134068965912,
        "max-rss": 2371384,
        "wall-time": 592.24,
        "instructions": 35119163476067,
        "instructions:u": 34529099699382,
        "cycles": 41691893968531,
        "task-clock": 8482343.43,
        "branches": 6708588448520,
        "branch-misses": 304209108795,
        "wall-time-sum": 7760.16
    },
    "data": []
}