{
    "config": 3,
    "clang_size": {
        "size-text": 98076502,
        "size-data": 2975960,
        "size-bss": 449488,
        "size-total": 101501950,
        "wall-time": 1036.372083902359
    },
    "data": {
        "NewPM-O0-g": {
            "lencod": {
                "instructions": 15366215893,
                "instructions:u": 13964271558,
                "cycles": 10792319225,
                "task-clock": 3001.080000000001,
                "branches": 2867698208,
                "branch-misses": 55016727,
                "max-rss": 3450032,
                "wall-time": 3.24,
                "size-file": 2105224,
                "size-text": 916819,
                "size-data": 16688,
                "size-bss": 109376,
                "size-total": 1042883
            },
            "Bullet": {
                "instructions": 71129759247,
                "instructions:u": 67288087294,
                "cycles": 54179994405,
                "task-clock": 15064.089999999998,
                "branches": 13468363863,
                "branch-misses": 305804986,
                "max-rss": 8437372,
                "wall-time": 15.759999999999994,
                "size-file": 5260440,
                "size-text": 1228375,
                "size-data": 772904,
                "size-bss": 45552,
                "size-total": 2046831
            },
            "mafft": {
                "instructions": 8001024072,
                "instructions:u": 7301373308,
                "cycles": 5573653451,
                "task-clock": 1550.0700000000004,
                "branches": 1507220776,
                "branch-misses": 28878660,
                "max-rss": 1710992,
                "wall-time": 1.7300000000000004,
                "size-file": 854688,
                "size-text": 431690,
                "size-data": 9005,
                "size-bss": 132727136,
                "size-total": 133167831
            },
            "tramp3d-v4": {
                "instructions": 24449956691,
                "instructions:u": 23824593023,
                "cycles": 21671498586,
                "task-clock": 6025.67,
                "branches": 4579414521,
                "branch-misses": 115356704,
                "max-rss": 417044,
                "wall-time": 6.05,
                "size-file": 9751248,
                "size-text": 1355313,
                "size-data": 8032,
                "size-bss": 1544,
                "size-total": 1364889
            },
            "ClamAV": {
                "instructions": 16976451276,
                "instructions:u": 14660121717,
                "cycles": 12896045709,
                "task-clock": 3586.93,
                "branches": 3186372575,
                "branch-misses": 71103183,
                "max-rss": 5904884,
                "wall-time": 4.199999999999996,
                "size-file": 1817216,
                "size-text": 907815,
                "size-data": 68532,
                "size-bss": 4688,
                "size-total": 981035
            },
            "kimwitu++": {
                "instructions": 27534085311,
                "instructions:u": 26658592471,
                "cycles": 24147077630,
                "task-clock": 6713.81,
                "branches": 5248932879,
                "branch-misses": 144946851,
                "max-rss": 1301176,
                "wall-time": 6.8100000000000005,
                "size-file": 4468240,
                "size-text": 1412260,
                "size-data": 80072,
                "size-bss": 12272,
                "size-total": 1504604
            },
            "sqlite3": {
                "instructions": 5683078874,
                "instructions:u": 5513921523,
                "cycles": 4185624677,
                "task-clock": 1163.92,
                "branches": 1045197963,
                "branch-misses": 22456433,
                "max-rss": 244640,
                "wall-time": 1.1900000000000002,
                "size-file": 1050144,
                "size-text": 514227,
                "size-data": 6320,
                "size-bss": 664,
                "size-total": 521211
            },
            "SPASS": {
                "instructions": 16791809490,
                "instructions:u": 15493369855,
                "cycles": 13034560298,
                "task-clock": 3624.48,
                "branches": 3155963963,
                "branch-misses": 73658561,
                "max-rss": 3157840,
                "wall-time": 3.8999999999999995,
                "size-file": 1972720,
                "size-text": 905615,
                "size-data": 2800,
                "size-bss": 358744,
                "size-total": 1267159
            },
            "7zip": {
                "instructions": 153099576229,
                "instructions:u": 145093856089,
                "cycles": 135028879335,
                "task-clock": 37538.00000000004,
                "branches": 29527969041,
                "branch-misses": 756629933,
                "max-rss": 15426908,
                "wall-time": 38.850000000000016,
                "size-file": 5857872,
                "size-text": 1394093,
                "size-data": 44832,
                "size-bss": 29408,
                "size-total": 1468333
            },
            "consumer-typeset": {
                "instructions": 14981189201,
                "instructions:u": 13700602640,
                "cycles": 10412762415,
                "task-clock": 2895.5300000000007,
                "branches": 2804521859,
                "branch-misses": 50933633,
                "max-rss": 3245296,
                "wall-time": 3.1799999999999997,
                "size-file": 1720632,
                "size-text": 1085777,
                "size-data": 7816,
                "size-bss": 65232,
                "size-total": 1158825
            },
            "geomean": {
                "instructions": 21577250151.309353,
                "instructions:u": 20115723008.697918,
                "cycles": 16699955265.082155,
                "task-clock": 4643.695257506478,
                "branches": 4060341561.539851,
                "branch-misses": 90492152.6225659,
                "max-rss": 2393568.3773279674,
                "wall-time": 4.946213762385243,
                "size-file": 2626922.989415311,
                "size-text": 949482.3689944934,
                "size-data": 22395.765524076764,
                "size-bss": 43942.20405340143,
                "size-total": 1909241.2320390856
            }
        }
    }
}