{
    "config": 3,
    "clang_size": {
        "size-text": 92675881,
        "size-data": 4266792,
        "size-bss": 319752,
        "size-total": 97262425,
        "wall-time": 40.75149488449097
    },
    "data": {
        "NewPM-O3": {
            "lencod": {
                "instructions": 84969957112,
                "instructions:u": 83283082818,
                "cycles": 55789666373,
                "task-clock": 15510.470000000003,
                "branches": 16419296506,
                "branch-misses": 423609760,
                "max-rss": 3990604,
                "wall-time": 15.88,
                "size-file": 990680,
                "size-text": 912313,
                "size-data": 15136,
                "size-bss": 108640,
                "size-total": 1036089
            },
            "Bullet": {
                "instructions": 117774938545,
                "instructions:u": 113767254065,
                "cycles": 88466949935,
                "task-clock": 24592.90000000001,
                "branches": 22932825366,
                "branch-misses": 644202539,
                "max-rss": 9250404,
                "wall-time": 25.290000000000006,
                "size-file": 1967104,
                "size-text": 940691,
                "size-data": 772680,
                "size-bss": 43440,
                "size-total": 1756811
            },
            "mafft": {
                "instructions": 45538315467,
                "instructions:u": 44661419482,
                "cycles": 31714660832,
                "task-clock": 8816.810000000001,
                "branches": 8796652332,
                "branch-misses": 275614513,
                "max-rss": 2021844,
                "wall-time": 9.02,
                "size-file": 593792,
                "size-text": 522648,
                "size-data": 9077,
                "size-bss": 132716768,
                "size-total": 133248493
            },
            "tramp3d-v4": {
                "instructions": 106676267108,
                "instructions:u": 106321855408,
                "cycles": 80560873311,
                "task-clock": 22397.19,
                "branches": 20990266510,
                "branch-misses": 614703228,
                "max-rss": 282432,
                "wall-time": 22.48,
                "size-file": 1398520,
                "size-text": 1050698,
                "size-data": 7448,
                "size-bss": 1456,
                "size-total": 1059602
            },
            "ClamAV": {
                "instructions": 70017518589,
                "instructions:u": 67284439301,
                "cycles": 49719028063,
                "task-clock": 13823.010000000004,
                "branches": 13663245031,
                "branch-misses": 433996591,
                "max-rss": 6874012,
                "wall-time": 14.369999999999996,
                "size-file": 902128,
                "size-text": 782442,
                "size-data": 66772,
                "size-bss": 4688,
                "size-total": 853902
            },
            "kimwitu++": {
                "instructions": 48171269842,
                "instructions:u": 47385640745,
                "cycles": 39238011912,
                "task-clock": 10907.46,
                "branches": 9559971935,
                "branch-misses": 296269397,
                "max-rss": 1333164,
                "wall-time": 11.010000000000002,
                "size-file": 1384664,
                "size-text": 890359,
                "size-data": 71728,
                "size-bss": 12256,
                "size-total": 974343
            },
            "sqlite3": {
                "instructions": 47689779520,
                "instructions:u": 47517551518,
                "cycles": 35889218629,
                "task-clock": 9976.92,
                "branches": 9398429991,
                "branch-misses": 325645088,
                "max-rss": 240292,
                "wall-time": 10,
                "size-file": 604304,
                "size-text": 557885,
                "size-data": 5631,
                "size-bss": 664,
                "size-total": 564180
            },
            "SPASS": {
                "instructions": 55912228327,
                "instructions:u": 54471098062,
                "cycles": 42508814788,
                "task-clock": 11817.500000000004,
                "branches": 11000740863,
                "branch-misses": 386164990,
                "max-rss": 3648276,
                "wall-time": 12.120000000000001,
                "size-file": 718776,
                "size-text": 641843,
                "size-data": 2656,
                "size-bss": 358728,
                "size-total": 1003227
            },
            "7zip": {
                "instructions": 172481389921,
                "instructions:u": 165316867496,
                "cycles": 136251354936,
                "task-clock": 37877.78,
                "branches": 33788696182,
                "branch-misses": 1083521223,
                "max-rss": 15876836,
                "wall-time": 39.23999999999999,
                "size-file": 1656672,
                "size-text": 1286131,
                "size-data": 40136,
                "size-bss": 29344,
                "size-total": 1355611
            },
            "consumer-typeset": {
                "instructions": 43702318362,
                "instructions:u": 42266339583,
                "cycles": 31078995621,
                "task-clock": 8640.56,
                "branches": 8564240526,
                "branch-misses": 255865969,
                "max-rss": 3657888,
                "wall-time": 8.94,
                "size-file": 607800,
                "size-text": 559250,
                "size-data": 7160,
                "size-bss": 65208,
                "size-total": 631618
            },
            "geomean": {
                "instructions": 71087570216.9123,
                "instructions:u": 69406836844.37518,
                "cycles": 52495242767.17663,
                "task-clock": 14593.902745536287,
                "branches": 13912640074.673681,
                "branch-misses": 428202940.8704754,
                "max-rss": 2507711.7239618883,
                "wall-time": 14.92318557530093,
                "size-file": 987761.8689450974,
                "size-text": 781116.8477287586,
                "size-data": 20948.53519774035,
                "size-bss": 43431.58361729536,
                "size-total": 1590542.7855798642
            }
        },
        "NewPM-ReleaseLTO-g": {
            "lencod": {
                "instructions": 164608103850,
                "instructions:u": 162714082329,
                "cycles": 105245130348,
                "task-clock": 29257.62000000001,
                "branches": 31655058283,
                "branch-misses": 659623132,
                "max-rss": 3913500,
                "wall-time": 29.60999999999999,
                "size-file": 2532440,
                "size-text": 916708,
                "size-data": 15240,
                "size-bss": 105792,
                "size-total": 1037740
            },
            "Bullet": {
                "instructions": 126199088788,
                "instructions:u": 122033935996,
                "cycles": 94403013232,
                "task-clock": 26245.880000000005,
                "branches": 24392906873,
                "branch-misses": 628527889,
                "max-rss": 8838776,
                "wall-time": 26.979999999999993,
                "size-file": 2559184,
                "size-text": 426949,
                "size-data": 412864,
                "size-bss": 42336,
                "size-total": 882149
            },
            "mafft": {
                "instructions": 49224418379,
                "instructions:u": 48336202231,
                "cycles": 33878496737,
                "task-clock": 9417.66,
                "branches": 9501419430,