{
    "config": 3,
    "clang_size": {
        "size-text": 98729539,
        "size-data": 3005328,
        "size-bss": 453392,
        "size-total": 102188259,
        "wall-time": 51.709733963012695
    },
    "data": {
        "NewPM-O0-g": {
            "lencod": {
                "instructions": 15090096016,
                "instructions:u": 13626196138,
                "cycles": 10671126521,
                "task-clock": 2967.31,
                "branches": 2818727154,
                "branch-misses": 55515064,
                "max-rss": 3464712,
                "wall-time": 3.3,
                "size-file": 2105224,
                "size-text": 915619,
                "size-data": 16688,
                "size-bss": 109376,
                "size-total": 1041683
            },
            "Bullet": {
                "instructions": 70551712230,
                "instructions:u": 66546719214,
                "cycles": 53898471623,
                "task-clock": 14984.170000000004,
                "branches": 13381496820,
                "branch-misses": 305590504,
                "max-rss": 8461360,
                "wall-time": 15.649999999999999,
                "size-file": 5260440,
                "size-text": 1228327,
                "size-data": 772904,
                "size-bss": 45552,
                "size-total": 2046783
            },
            "mafft": {
                "instructions": 7859367119,
                "instructions:u": 7131330720,
                "cycles": 5505594229,
                "task-clock": 1530.97,
                "branches": 1481959365,
                "branch-misses": 29099502,
                "max-rss": 1713768,
                "wall-time": 1.7100000000000004,
                "size-file": 854688,
                "size-text": 431674,
                "size-data": 9005,
                "size-bss": 132727136,
                "size-total": 133167815
            },
            "tramp3d-v4": {
                "instructions": 23946021937,
                "instructions:u": 23321582718,
                "cycles": 21330499203,
                "task-clock": 5929.49,
                "branches": 4474949573,
                "branch-misses": 115033634,
                "max-rss": 416032,
                "wall-time": 5.95,
                "size-file": 9751664,
                "size-text": 1355313,
                "size-data": 8032,
                "size-bss": 1544,
                "size-total": 1364889
            },
            "ClamAV": {
                "instructions": 16869875592,
                "instructions:u": 14409949482,
                "cycles": 12919830062,
                "task-clock": 3592.7799999999993,
                "branches": 3169718549,
                "branch-misses": 72160816,
                "max-rss": 5944668,
                "wall-time": 4.259999999999996,
                "size-file": 1817216,
                "size-text": 907415,
                "size-data": 68532,
                "size-bss": 4688,
                "size-total": 980635
            },
            "kimwitu++": {
                "instructions": 27238576152,
                "instructions:u": 26312393428,
                "cycles": 23839726258,
                "task-clock": 6627.4800000000005,
                "branches": 5197849589,
                "branch-misses": 144480919,
                "max-rss": 1301716,
                "wall-time": 6.730000000000002,
                "size-file": 4468240,
                "size-text": 1412100,
                "size-data": 80072,
                "size-bss": 12272,
                "size-total": 1504444
            },
            "sqlite3": {
                "instructions": 5464107911,
                "instructions:u": 5298010574,
                "cycles": 4035946666,
                "task-clock": 1122.1,
                "branches": 1005826751,
                "branch-misses": 22272449,
                "max-rss": 239780,
                "wall-time": 1.1500000000000001,
                "size-file": 1050144,
                "size-text": 514083,
                "size-data": 6320,
                "size-bss": 664,
                "size-total": 521067
            },
            "SPASS": {
                "instructions": 16591152449,
                "instructions:u": 15234180937,
                "cycles": 12946740936,
                "task-clock": 3599.4499999999994,
                "branches": 3123639364,
                "branch-misses": 74053646,
                "max-rss": 3168552,
                "wall-time": 3.8699999999999997,
                "size-file": 1972720,
                "size-text": 905583,
                "size-data": 2800,
                "size-bss": 358744,
                "size-total": 1267127
            },
            "7zip": {
                "instructions": 152913459818,
                "instructions:u": 144332996442,
                "cycles": 134997112059,
                "task-clock": 37527.68,
                "branches": 29533182425,
                "branch-misses": 761731200,
                "max-rss": 15507600,
                "wall-time": 39.02000000000004,
                "size-file": 5859888,
                "size-text": 1393789,
                "size-data": 44832,
                "size-bss": 29408,
                "size-total": 1468029
            },
            "consumer-typeset": {
                "instructions": 14679183055,
                "instructions:u": 13353951088,
                "cycles": 10233811752,
                "task-clock": 2845.9,
                "branches": 2752710804,
                "branch-misses": 51194711,
                "max-rss": 3252136,
                "wall-time": 3.1399999999999992,
                "size-file": 1720632,
                "size-text": 1085681,
                "size-data": 7816,
                "size-bss": 65232,
                "size-total": 1158729
            },
            "geomean": {
                "instructions": 21245454276.187054,
                "instructions:u": 19720412886.034275,
                "cycles": 16506757771.275429,
                "task-clock": 4589.440822862043,
                "branches": 4001549089.000038,
                "branch-misses": 90796985.20528486,
                "max-rss": 2394537.8217728944,
                "wall-time": 4.914271812164678,
                "size-file": 2627024.5885114684,
                "size-text": 949239.1616782143,
                "size-data": 22395.765524076764,
                "size-bss": 43942.20405340143,
                "size-total": 1908805.873807497
            }
        }
    }
}