{
    "config": 3,
    "clang_size": {
        "size-text": 98815832,
        "size-data": 3005608,
        "size-bss": 453744,
        "size-total": 102275184,
        "wall-time": 53.33386588096619
    },
    "data": {
        "NewPM-O3": {
            "lencod": {
                "instructions": 78773487920,
                "instructions:u": 77127043566,
                "cycles": 53834380634,
                "task-clock": 14965.719999999996,
                "branches": 15275611250,
                "branch-misses": 417731582,
                "max-rss": 3996244,
                "wall-time": 15.300000000000002,
                "size-file": 990616,
                "size-text": 910410,
                "size-data": 15136,
                "size-bss": 108624,
                "size-total": 1034170
            },
            "Bullet": {
                "instructions": 114490225390,
                "instructions:u": 110452156425,
                "cycles": 89004676665,
                "task-clock": 24740.110000000004,
                "branches": 22382657784,
                "branch-misses": 650600144,
                "max-rss": 9280824,
                "wall-time": 25.450000000000003,
                "size-file": 1930240,
                "size-text": 909227,
                "size-data": 772680,
                "size-bss": 43440,
                "size-total": 1725347
            },
            "mafft": {
                "instructions": 41422910522,
                "instructions:u": 40583270546,
                "cycles": 29954824002,
                "task-clock": 8326.740000000002,
                "branches": 8036079066,
                "branch-misses": 261946312,
                "max-rss": 2018444,
                "wall-time": 8.47,
                "size-file": 567224,
                "size-text": 498169,
                "size-data": 9077,
                "size-bss": 132716352,
                "size-total": 133223598
            },
            "tramp3d-v4": {
                "instructions": 101910324179,
                "instructions:u": 101528896415,
                "cycles": 80091751506,
                "task-clock": 22262.4,
                "branches": 20107862883,
                "branch-misses": 613872302,
                "max-rss": 294668,
                "wall-time": 22.299999999999997,
                "size-file": 1386040,
                "size-text": 1038193,
                "size-data": 7448,
                "size-bss": 1456,
                "size-total": 1047097
            },
            "ClamAV": {
                "instructions": 66806202409,
                "instructions:u": 64025466134,
                "cycles": 48866811622,
                "task-clock": 13584.880000000001,
                "branches": 13101883724,
                "branch-misses": 425156619,
                "max-rss": 6887680,
                "wall-time": 14.23,
                "size-file": 889848,
                "size-text": 772354,
                "size-data": 66772,
                "size-bss": 4688,
                "size-total": 843814
            },
            "kimwitu++": {
                "instructions": 47433272044,
                "instructions:u": 46604688266,
                "cycles": 39985372031,
                "task-clock": 11114.52,
                "branches": 9438649693,
                "branch-misses": 304064768,
                "max-rss": 1341484,
                "wall-time": 11.230000000000002,
                "size-file": 1384368,
                "size-text": 889707,
                "size-data": 71728,
                "size-bss": 12208,
                "size-total": 973643
            },
            "sqlite3": {
                "instructions": 46363845657,
                "instructions:u": 46195261500,
                "cycles": 36262923190,
                "task-clock": 10079.029999999999,
                "branches": 9155368015,
                "branch-misses": 326592803,
                "max-rss": 235512,
                "wall-time": 10.1,
                "size-file": 612600,
                "size-text": 563530,
                "size-data": 5671,
                "size-bss": 664,
                "size-total": 569865
            },
            "SPASS": {
                "instructions": 54643963116,
                "instructions:u": 53190002361,
                "cycles": 42972392044,
                "task-clock": 11945.499999999998,
                "branches": 10765436261,
                "branch-misses": 390951894,
                "max-rss": 3649488,
                "wall-time": 12.280000000000001,
                "size-file": 718640,
                "size-text": 644411,
                "size-data": 2656,
                "size-bss": 358712,
                "size-total": 1005779
            },
            "7zip": {
                "instructions": 232472682312,
                "instructions:u": 223723405428,
                "cycles": 199012908411,
                "task-clock": 55320.99,
                "branches": 45519495726,
                "branch-misses": 1429458638,
                "max-rss": 17117668,
                "wall-time": 56.67,
                "size-file": 1615664,
                "size-text": 1243639,
                "size-data": 40136,
                "size-bss": 29344,
                "size-total": 1313119
            },
            "consumer-typeset": {
                "instructions": 42507959932,
                "instructions:u": 41077568730,
                "cycles": 30846247243,
                "task-clock": 8575.01,
                "branches": 8366202472,
                "branch-misses": 254565539,
                "max-rss": 3668320,
                "wall-time": 8.889999999999999,
                "size-file": 607528,
                "size-text": 561735,
                "size-data": 7056,
                "size-bss": 65144,
                "size-total": 633935
            },
            "geomean": {
                "instructions": 70470458622.42493,
                "instructions:u": 68767677018.41559,
                "cycles": 54102560298.33239,
                "task-clock": 15039.175919851641,
                "branches": 13832469555.334028,
                "branch-misses": 438441644.0264146,
                "max-rss": 2535948.0151601736,
                "wall-time": 15.36712720074397,
                "size-file": 977962.0715377975,
                "size-text": 771424.3352365601,
                "size-data": 20932.71824158484,
                "size-bss": 43409.43430002868,
                "size-total": 1580995.4854539563
            }
        },
        "NewPM-O0-g": {
            "lencod": {
                "instructions": 15071980024,
                "instructions:u": 13609047489,
                "cycles": 10736020122,
                "task-clock": 2984.6900000000005,
                "branches": 2821536101,
                "branch-misses": 55784027,
                "max-rss": 3446000,
                "wall-time": 3.2899999999999996,
                "size-file": 2105224,
                "size-text": 915619,
                "size-data": 16688,
                "size-bss": 109376,
                "size-total": 1041683
            },
            "Bullet": {
                "instructions": 70227124037,
                "instructions:u": 66227137880,
                "cycles": 53991637055,
                "task-clock": 15008.650000000003,
                "branches": 13377295235,
                "branch-misses": 306599208,
                "max-rss": 8443132,
                "wall-time": 15.659999999999997,
                "size-file": 5260440,
                "size-text": 1228327,
                "size-data": 772904,
                "size-bss": 45552,
                "size-total": 2046783
            },
            "mafft": {
                "instructions": 7845894456,
                "instructions:u": 7120456268,
                "cycles": 5525231421,
                "task-clock": 1536.32,
                "branches": 1482360262,