{
    "config": 3,
    "clang_size": {
        "size-text": 92675993,
        "size-data": 4266792,
        "size-bss": 319752,
        "size-total": 97262537,
        "wall-time": 38.72214603424072
    },
    "data": {
        "NewPM-O3": {
            "lencod": {
                "instructions": 84914631179,
                "instructions:u": 83264778853,
                "cycles": 55648411810,
                "task-clock": 15468.189999999999,
                "branches": 16408495243,
                "branch-misses": 422962366,
                "max-rss": 3986292,
                "wall-time": 15.79,
                "size-file": 990680,
                "size-text": 912313,
                "size-data": 15136,
                "size-bss": 108640,
                "size-total": 1036089
            },
            "Bullet": {
                "instructions": 117735269877,
                "instructions:u": 113725783874,
                "cycles": 88665627236,
                "task-clock": 24651.649999999994,
                "branches": 22923860387,
                "branch-misses": 644643728,
                "max-rss": 9259360,
                "wall-time": 25.39000000000001,
                "size-file": 1967104,
                "size-text": 940691,
                "size-data": 772680,
                "size-bss": 43440,
                "size-total": 1756811
            },
            "mafft": {
                "instructions": 45548274634,
                "instructions:u": 44666034045,
                "cycles": 31804809755,
                "task-clock": 8840.85,
                "branches": 8798667673,
                "branch-misses": 275850662,
                "max-rss": 2021472,
                "wall-time": 9.1,
                "size-file": 593792,
                "size-text": 522648,
                "size-data": 9077,
                "size-bss": 132716768,
                "size-total": 133248493
            },
            "tramp3d-v4": {
                "instructions": 106773723287,
                "instructions:u": 106417657994,
                "cycles": 80447982878,
                "task-clock": 22362.149999999998,
                "branches": 21013344160,
                "branch-misses": 615296606,
                "max-rss": 282272,
                "wall-time": 22.389999999999997,
                "size-file": 1398520,
                "size-text": 1050698,
                "size-data": 7448,
                "size-bss": 1456,
                "size-total": 1059602
            },
            "ClamAV": {
                "instructions": 70041910330,
                "instructions:u": 67299285545,
                "cycles": 49814261421,
                "task-clock": 13847.88,
                "branches": 13668141421,
                "branch-misses": 434519982,
                "max-rss": 6876956,
                "wall-time": 14.429999999999998,
                "size-file": 902128,
                "size-text": 782442,
                "size-data": 66772,
                "size-bss": 4688,
                "size-total": 853902
            },
            "kimwitu++": {
                "instructions": 48163147530,
                "instructions:u": 47376954372,
                "cycles": 39159808113,
                "task-clock": 10886.820000000002,
                "branches": 9557623148,
                "branch-misses": 296325430,
                "max-rss": 1333004,
                "wall-time": 10.980000000000002,
                "size-file": 1384664,
                "size-text": 890359,
                "size-data": 71728,
                "size-bss": 12256,
                "size-total": 974343
            },
            "sqlite3": {
                "instructions": 47701073597,
                "instructions:u": 47529276454,
                "cycles": 35727818149,
                "task-clock": 9931.609999999999,
                "branches": 9401680539,
                "branch-misses": 325271304,
                "max-rss": 240944,
                "wall-time": 9.96,
                "size-file": 604304,
                "size-text": 557885,
                "size-data": 5631,
                "size-bss": 664,
                "size-total": 564180
            },
            "SPASS": {
                "instructions": 55930077469,
                "instructions:u": 54486690757,
                "cycles": 42639621702,
                "task-clock": 11852.219999999998,
                "branches": 11004612629,
                "branch-misses": 386293125,
                "max-rss": 3647576,
                "wall-time": 12.170000000000002,
                "size-file": 718776,
                "size-text": 641843,
                "size-data": 2656,
                "size-bss": 358728,
                "size-total": 1003227
            },
            "7zip": {
                "instructions": 172429291819,
                "instructions:u": 165283497543,
                "cycles": 136457053915,
                "task-clock": 37938.32,
                "branches": 33778867218,
                "branch-misses": 1085440848,
                "max-rss": 15886316,
                "wall-time": 39.28000000000001,
                "size-file": 1656672,
                "size-text": 1286131,
                "size-data": 40136,
                "size-bss": 29344,
                "size-total": 1355611
            },
            "consumer-typeset": {
                "instructions": 43703231522,
                "instructions:u": 42267988654,
                "cycles": 31139325394,
                "task-clock": 8655.880000000001,
                "branches": 8564155367,
                "branch-misses": 256177045,
                "max-rss": 3661320,
                "wall-time": 8.94,
                "size-file": 607800,
                "size-text": 559250,
                "size-data": 7160,
                "size-bss": 65208,
                "size-total": 631618
            },
            "geomean": {
                "instructions": 71091821906.33827,
                "instructions:u": 69412576723.25667,
                "cycles": 52511391951.716324,
                "task-clock": 14597.504194210818,
                "branches": 13913736786.6358,
                "branch-misses": 428397355.9507835,
                "max-rss": 2508588.7233559764,
                "wall-time": 14.931615233790378,
                "size-file": 987761.8689450974,
                "size-text": 781116.8477287586,
                "size-data": 20948.53519774035,
                "size-bss": 43431.58361729536,
                "size-total": 1590542.7855798642
            }
        },
        "NewPM-O0-g": {
            "lencod": {
                "instructions": 15457004966,
                "instructions:u": 13979666266,
                "cycles": 10828612281,
                "task-clock": 3011.18,
                "branches": 2896530419,
                "branch-misses": 53749310,
                "max-rss": 3522220,
                "wall-time": 3.29,
                "size-file": 2104152,
                "size-text": 916867,
                "size-data": 16688,
                "size-bss": 109376,
                "size-total": 1042931
            },
            "Bullet": {
                "instructions": 70619647506,
                "instructions:u": 66593120431,
                "cycles": 52685742935,
                "task-clock": 14649.24,
                "branches": 13390579757,
                "branch-misses": 292504274,
                "max-rss": 8570816,
                "wall-time": 15.379999999999999,
                "size-file": 5263920,
                "size-text": 1229327,
                "size-data": 772904,
                "size-bss": 45552,
                "size-total": 2047783
            },
            "mafft": {
                "instructions": 8041779183,
                "instructions:u": 7306028325,
                "cycles": 5576648359,
                "task-clock": 1550.8199999999995,
                "branches": 1521333083,