{
    "config": 3,
    "clang_size": {
        "size-text": 92673364,
        "size-data": 4266792,
        "size-bss": 319528,
        "size-total": 97259684,
        "wall-time": 38.788705825805664
    },
    "data": {
        "NewPM-O0-g": {
            "lencod": {
                "instructions": 15249056900,
                "instructions:u": 13769532777,
                "cycles": 10768670640,
                "task-clock": 2995.06,
                "branches": 2854457784,
                "branch-misses": 53678800,
                "max-rss": 3506532,
                "wall-time": 3.29,
                "size-file": 2104152,
                "size-text": 916867,
                "size-data": 16688,
                "size-bss": 109376,
                "size-total": 1042931
            },
            "Bullet": {
                "instructions": 70300138490,
                "instructions:u": 66285881858,
                "cycles": 52535013467,
                "task-clock": 14605.99,
                "branches": 13325373794,
                "branch-misses": 292004871,
                "max-rss": 8565924,
                "wall-time": 15.330000000000002,
                "size-file": 5263920,
                "size-text": 1229327,
                "size-data": 772904,
                "size-bss": 45552,
                "size-total": 2047783
            },
            "mafft": {
                "instructions": 7937939070,
                "instructions:u": 7199393693,
                "cycles": 5552542007,
                "task-clock": 1544.3800000000003,
                "branches": 1500279838,
                "branch-misses": 28280911,
                "max-rss": 1742868,
                "wall-time": 1.7100000000000004,
                "size-file": 854152,
                "size-text": 431690,
                "size-data": 9005,
                "size-bss": 132727136,
                "size-total": 133167831
            },
            "tramp3d-v4": {
                "instructions": 23105106876,
                "instructions:u": 22509343084,
                "cycles": 19898015768,
                "task-clock": 5532.42,
                "branches": 4311947136,
                "branch-misses": 105492638,
                "max-rss": 402732,
                "wall-time": 5.55,
                "size-file": 9694216,
                "size-text": 1351918,
                "size-data": 7968,
                "size-bss": 1544,
                "size-total": 1361430
            },
            "ClamAV": {
                "instructions": 17037796592,
                "instructions:u": 14589691688,
                "cycles": 13031544309,
                "task-clock": 3624.6599999999994,
                "branches": 3210566454,
                "branch-misses": 69237821,
                "max-rss": 6023092,
                "wall-time": 4.239999999999996,
                "size-file": 1814808,
                "size-text": 907863,
                "size-data": 68532,
                "size-bss": 4688,
                "size-total": 981083
            },
            "kimwitu++": {
                "instructions": 26651092292,
                "instructions:u": 25766180243,
                "cycles": 22693083857,
                "task-clock": 6308.3099999999995,
                "branches": 5078442598,
                "branch-misses": 135234195,
                "max-rss": 1307172,
                "wall-time": 6.41,
                "size-file": 4464960,
                "size-text": 1412124,
                "size-data": 80072,
                "size-bss": 12272,
                "size-total": 1504468
            },
            "sqlite3": {
                "instructions": 5523019304,
                "instructions:u": 5353143962,
                "cycles": 3994649670,
                "task-clock": 1110.8100000000002,
                "branches": 1014872640,
                "branch-misses": 21612322,
                "max-rss": 245192,
                "wall-time": 1.1300000000000001,
                "size-file": 1048048,
                "size-text": 514227,
                "size-data": 6320,
                "size-bss": 664,
                "size-total": 521211
            },
            "SPASS": {
                "instructions": 16559860527,
                "instructions:u": 15199624137,
                "cycles": 12772735125,
                "task-clock": 3551.2100000000014,
                "branches": 3122326211,
                "branch-misses": 70737634,
                "max-rss": 3222604,
                "wall-time": 3.8899999999999997,
                "size-file": 1966896,
                "size-text": 905615,
                "size-data": 2800,
                "size-bss": 358744,
                "size-total": 1267159
            },
            "7zip": {
                "instructions": 84149864594,
                "instructions:u": 77161328199,
                "cycles": 68732487716,
                "task-clock": 19110.700000000008,
                "branches": 16207443232,
                "branch-misses": 387942157,
                "max-rss": 14413496,
                "wall-time": 20.36999999999999,
                "size-file": 5870472,
                "size-text": 1394085,
                "size-data": 44832,
                "size-bss": 29408,
                "size-total": 1468325
            },
            "consumer-typeset": {
                "instructions": 14822984705,
                "instructions:u": 13481211744,
                "cycles": 10327609649,
                "task-clock": 2871.7500000000005,
                "branches": 2787936970,
                "branch-misses": 49426382,
                "max-rss": 3294940,
                "wall-time": 3.1899999999999995,
                "size-file": 1725960,
                "size-text": 1085809,
                "size-data": 7816,
                "size-bss": 65232,
                "size-total": 1158857
            },
            "geomean": {
                "instructions": 19989253093.8805,
                "instructions:u": 18504039795.862274,
                "cycles": 15225537912.200163,
                "task-clock": 4233.724072451519,
                "branches": 3766385954.8421545,
                "branch-misses": 81440721.23041996,
                "max-rss": 2395750.0022499934,
                "wall-time": 4.539479706303073,
                "size-file": 2624791.928967009,
                "size-text": 949320.9008049807,
                "size-data": 22377.85598091198,
                "size-bss": 43942.20405340143,
                "size-total": 1908850.6863692019
            }
        }
    }
}