{
    "config": 6,
    "clang_size": {
        "size-file": 150322208,
        "size-text": 127245898,
        "size-data": 2371700,
        "size-bss": 738536,
        "size-total": 130356134,
        "wall-time": 39.0050151348114
    },
    "stage2": {
        "size-file": 130206808,
        "size-text": 109637969,
        "size-data": 2402916,
        "size-bss": 473866,
        "size-total": 112514751,
        "wall-time-full": 654.8820490837097,
        "max-rss": 2425832,
        "wall-time": 649.25,
        "instructions": 39409505467593,
        "instructions:u": 35200587902016,
        "cycles": 45667876327726,
        "task-clock": 9344180.79,
        "branches": 7563096306062,
        "branch-misses": 322819047951,
        "wall-time-sum": 8722.099
    },
    "data": []
}