{
    "config": 5,
    "clang_size": {
        "size-file": 138109856,
        "size-text": 116036295,
        "size-data": 2276040,
        "size-bss": 570728,
        "size-total": 118883063,
        "wall-time": 20.490100145339966
    },
    "stage2": {
        "size-file": 129596400,
        "size-text": 108852250,
        "size-data": 2394336,
        "size-bss": 449274,
        "size-total": 111695860,
        "wall-time-full": 595.9674060344696,
        "max-rss": 2440572,
        "wall-time": 592.06,
        "instructions": 35084722123809,
        "instructions:u": 34500401370361,
        "cycles": 42091528086016,
        "task-clock": 8535003.19,
        "branches": 6715591435673,
        "branch-misses": 300608342178,
        "wall-time-sum": 7858.778
    },
    "data": {
        "stage1-O0-g": {
            "Bullet": {
                "instructions": 70121357158.5,
                "instructions:u": 65932940193,
                "cycles": 41185481780.5,
                "task-clock": 8133.605,
                "branches": 13314561388,
                "branch-misses": 268771467.5,
                "max-rss": 9235034,
                "wall-time": 8.189999999999994,
                "size-file": 5204744,
                "size-text": 1190840,
                "size-data": 772904,
                "size-bss": 45552,
                "size-total": 2009296
            },
            "7zip": {
                "instructions": 155024529621,
                "instructions:u": 146226782784,
                "cycles": 100709020973,
                "task-clock": 19775.564999999984,
                "branches": 29670173856,
                "branch-misses": 633789109,
                "max-rss": 16757216,
                "wall-time": 19.895000000000024,
                "size-file": 5756472,
                "size-text": 1321925,
                "size-data": 44840,
                "size-bss": 29408,
                "size-total": 1396173
            },
            "ClamAV": {
                "instructions": 16575298730,
                "instructions:u": 14066592793,
                "cycles": 10384179876.5,
                "task-clock": 2043.804999999999,
                "branches": 3135875969,
                "branch-misses": 65426020.5,
                "max-rss": 6469862,
                "wall-time": 2.085000000000001,
                "size-file": 1746576,
                "size-text": 853111,
                "size-data": 68532,
                "size-bss": 4688,
                "size-total": 926331
            },
            "lencod": {
                "instructions": 14557595288,
                "instructions:u": 13074479713,
                "cycles": 8407019790.5,
                "task-clock": 1660.4999999999998,
                "branches": 2741045184,
                "branch-misses": 49995345,
                "max-rss": 3762342,
                "wall-time": 1.7200000000000006,
                "size-file": 2053560,
                "size-text": 876732,
                "size-data": 16688,
                "size-bss": 109376,
                "size-total": 1002796
            },
            "mafft": {
                "instructions": 7649999993.5,
                "instructions:u": 6923297788,
                "cycles": 4338120164.5,
                "task-clock": 856.8799999999999,
                "branches": 1456769400,
                "branch-misses": 26081835,
                "max-rss": 1869822,
                "wall-time": 0.8800000000000002,
                "size-file": 824936,
                "size-text": 406843,
                "size-data": 9005,
                "size-bss": 132727136,
                "size-total": 133142984
            },
            "consumer-typeset": {
                "instructions": 14197319771.5,
                "instructions:u": 12834911844.5,
                "cycles": 7903983274,
                "task-clock": 1560.4799999999998,
                "branches": 2685050277.5,
                "branch-misses": 44158457,
                "max-rss": 3489228,
                "wall-time": 1.6050000000000009,
                "size-file": 1656240,
                "size-text": 1033153,
                "size-data": 7816,
                "size-bss": 65232,
                "size-total": 1106201
            },
            "sqlite3": {
                "instructions": 5050671805.5,
                "instructions:u": 4878707987,
                "cycles": 3016416528.5,
                "task-clock": 593.7400000000001,
                "branches": 929778816,
                "branch-misses": 20035146.5,
                "max-rss": 255572,
                "wall-time": 0.5900000000000001,
                "size-file": 1006544,
                "size-text": 479907,
                "size-data": 6320,
                "size-bss": 664,
                "size-total": 486891
            },
            "kimwitu++": {
                "instructions": 26318152350.5,
                "instructions:u": 25383491689,
                "cycles": 18722364799,
                "task-clock": 3684.3799999999997,
                "branches": 4972179141.5,
                "branch-misses": 124864234,
                "max-rss": 1410828,
                "wall-time": 3.68,
                "size-file": 4428088,
                "size-text": 1369652,
                "size-data": 80072,
                "size-bss": 12272,
                "size-total": 1461996
            },
            "SPASS": {
                "instructions": 16170698315,
                "instructions:u": 14786765841.5,
                "cycles": 9854789548,
                "task-clock": 1941.4350000000002,
                "branches": 3066529570,
                "branch-misses": 61844249,
                "max-rss": 3433246,
                "wall-time": 1.9800000000000006,
                "size-file": 1922536,
                "size-text": 865387,
                "size-data": 2792,
                "size-bss": 358648,
                "size-total": 1226827
            },
            "tramp3d-v4": {
                "instructions": 22193733732,
                "instructions:u": 21566001872,
                "cycles": 16575079444,
                "task-clock": 3223.415,
                "branches": 4156524686,
                "branch-misses": 102537501,
                "max-rss": 426746,
                "wall-time": 3.2199999999999998,
                "size-file": 9692600,
                "size-text": 1335430,
                "size-data": 7976,
                "size-bss": 1544,
                "size-total": 1344950
            },
            "geomean": {
                "instructions": 20574217334.68157,
                "instructions:u": 19028070953.884262,
                "cycles": 12761241792.158178,
                "task-clock": 2511.694606431836,
                "branches": 3884694936.557484,
                "branch-misses": 79575113.56650211,
                "max-rss": 2578329.984555781,
                "wall-time": 2.5455644385319145,
                "size-file": 2562216.3363078716,
                "size-text": 906801.6329081316,
                "size-data": 22374.09840129762,
                "size-bss": 43941.02801710208,
                "size-total": 1842460.4217184219
            }
        },
        "stage2-O0-g": {
            "Bullet": {
                "instructions": 61495501394,
                "instructions:u": 57379910330.5,
                "cycles": 37103411532.5,
                "task-clock": 7293.805000000003,
                "branches": 11429304193,
                "branch-misses": 260848388.5,
                "max-rss": 8980384,
                "wall-time": 7.404999999999998,
                "size-file": 5204744,
                "size-text": 1190840,
                "size-data": 772904,
                "size-bss": 45552,
                "size-total": 2009296
            },
            "7zip": {
                "instructions": 137834607410.5,
                "instructions:u": 129152018872.5,
                "cycles": 90326372635,