{
    "config": 5,
    "clang_size": {
        "size-file": 138271408,
        "size-text": 115454820,
        "size-data": 3645384,
        "size-bss": 596488,
        "size-total": 119696692,
        "wall-time": 15.105802059173584
    },
    "stage2": {
        "size-file": 129866976,
        "size-text": 108066300,
        "size-data": 3776848,
        "size-bss": 459506,
        "size-total": 112302654,
        "wall-time-full": 568.3819379806519,
        "max-rss": 2385444,
        "wall-time": 563.97,
        "instructions": 33454066341707,
        "instructions:u": 32853627783179,
        "cycles": 40122096977140,
        "task-clock": 8131177.2,
        "branches": 6391962920139,
        "branch-misses": 285401641237,
        "wall-time-sum": 7492.994
    },
    "data": {
        "stage1-O0-g": {
            "Bullet": {
                "instructions": 70042787179.5,
                "instructions:u": 65335506079.5,
                "cycles": 40967542439,
                "task-clock": 8099.340000000003,
                "branches": 13307307713,
                "branch-misses": 267301055,
                "max-rss": 9531884,
                "wall-time": 8.134999999999991,
                "size-file": 5204744,
                "size-text": 1190840,
                "size-data": 772904,
                "size-bss": 45552,
                "size-total": 2009296
            },
            "7zip": {
                "instructions": 154480998897.5,
                "instructions:u": 144357496094,
                "cycles": 99673694606,
                "task-clock": 19626.35499999999,
                "branches": 29567535007,
                "branch-misses": 624212884.5,
                "max-rss": 17303984,
                "wall-time": 19.76500000000002,
                "size-file": 5756472,
                "size-text": 1321925,
                "size-data": 44840,
                "size-bss": 29408,
                "size-total": 1396173
            },
            "ClamAV": {
                "instructions": 16767059441.5,
                "instructions:u": 13876024169.5,
                "cycles": 10702664023,
                "task-clock": 2114.6250000000005,
                "branches": 3175586276,
                "branch-misses": 65319595,
                "max-rss": 6727842,
                "wall-time": 2.21,
                "size-file": 1746576,
                "size-text": 853111,
                "size-data": 68532,
                "size-bss": 4688,
                "size-total": 926331
            },
            "lencod": {
                "instructions": 14624759078.5,
                "instructions:u": 12930243405,
                "cycles": 8569693794,
                "task-clock": 1694.245000000001,
                "branches": 2755925433,
                "branch-misses": 49810809,
                "max-rss": 3908642,
                "wall-time": 1.775000000000001,
                "size-file": 2053560,
                "size-text": 876732,
                "size-data": 16688,
                "size-bss": 109376,
                "size-total": 1002796
            },
            "mafft": {
                "instructions": 7660482186,
                "instructions:u": 6839481736,
                "cycles": 4403322083,
                "task-clock": 870.3050000000001,
                "branches": 1459610210,
                "branch-misses": 25959887.5,
                "max-rss": 1938216,
                "wall-time": 0.8600000000000003,
                "size-file": 824936,
                "size-text": 406843,
                "size-data": 9005,
                "size-bss": 132727136,
                "size-total": 133142984
            },
            "consumer-typeset": {
                "instructions": 14239912568,
                "instructions:u": 12723308912,
                "cycles": 7985596964.5,
                "task-clock": 1578.3050000000003,
                "branches": 2696537152,
                "branch-misses": 44018925.5,
                "max-rss": 3633580,
                "wall-time": 1.6050000000000004,
                "size-file": 1656240,
                "size-text": 1033153,
                "size-data": 7816,
                "size-bss": 65232,
                "size-total": 1106201
            },
            "sqlite3": {
                "instructions": 5034708712,
                "instructions:u": 4852106336.5,
                "cycles": 3065242621.5,
                "task-clock": 604.48,
                "branches": 928556495.5,
                "branch-misses": 20077923,
                "max-rss": 262610,
                "wall-time": 0.6050000000000001,
                "size-file": 1006544,
                "size-text": 479907,
                "size-data": 6320,
                "size-bss": 664,
                "size-total": 486891
            },
            "kimwitu++": {
                "instructions": 26235071224.5,
                "instructions:u": 25209295876,
                "cycles": 18518114821,
                "task-clock": 3654.1099999999997,
                "branches": 4960655915,
                "branch-misses": 123727069.5,
                "max-rss": 1444550,
                "wall-time": 3.67,
                "size-file": 4428088,
                "size-text": 1369652,
                "size-data": 80072,
                "size-bss": 12272,
                "size-total": 1461996
            },
            "SPASS": {
                "instructions": 16212904973,
                "instructions:u": 14628791850,
                "cycles": 9912814085,
                "task-clock": 1958.89,
                "branches": 3076460392,
                "branch-misses": 61593297,
                "max-rss": 3573152,
                "wall-time": 2.000000000000001,
                "size-file": 1922536,
                "size-text": 865387,
                "size-data": 2792,
                "size-bss": 358648,
                "size-total": 1226827
            },
            "tramp3d-v4": {
                "instructions": 22055830652.5,
                "instructions:u": 21418919897,
                "cycles": 16490764845.5,
                "task-clock": 3213.175,
                "branches": 4127352590,
                "branch-misses": 101354007,
                "max-rss": 429740,
                "wall-time": 3.215,
                "size-file": 9692600,
                "size-text": 1335430,
                "size-data": 7976,
                "size-bss": 1544,
                "size-total": 1344950
            },
            "geomean": {
                "instructions": 20586325697.987377,
                "instructions:u": 18843347907.70266,
                "cycles": 12844183141.89464,
                "task-clock": 2533.06844475347,
                "branches": 3889654561.090773,
                "branch-misses": 79126154.7301182,
                "max-rss": 2660887.1371732764,
                "wall-time": 2.567113618755506,
                "size-file": 2562216.3363078716,
                "size-text": 906801.6329081316,
                "size-data": 22374.09840129762,
                "size-bss": 43941.02801710208,
                "size-total": 1842460.4217184219
            }
        },
        "stage2-O0-g": {
            "Bullet": {
                "instructions": 62043920447,
                "instructions:u": 57369257669,
                "cycles": 37194892108.5,
                "task-clock": 7358.009999999999,
                "branches": 11512715344.5,
                "branch-misses": 257244417.5,
                "max-rss": 9409986,
                "wall-time": 7.474999999999995,
                "size-file": 5204744,
                "size-text": 1190840,
                "size-data": 772904,
                "size-bss": 45552,
                "size-total": 2009296
            },
            "7zip": {
                "instructions": 138678712620,
                "instructions:u": 128606567641,
                "cycles": 90206471013,
                "task-clock": 17760.665000000008,