{
    "config": 6,
    "clang_size": {
        "size-file": 155420960,
        "size-text": 131350436,
        "size-data": 2415836,
        "size-bss": 673237,
        "size-total": 134439509,
        "wall-time": 17.329434871673584
    },
    "stage2": {
        "size-file": 136156560,
        "size-text": 114555424,
        "size-data": 2313316,
        "size-bss": 503714,
        "size-total": 117372454,
        "wall-time-full": 625.7274091243744,
        "max-rss": 2450232,
        "wall-time": 621.19,
        "instructions": 36572490092783,
        "instructions:u": 35955240336902,
        "cycles": 43800411559933,
        "task-clock": 8883732.45,
        "branches": 6990264383616,
        "branch-misses": 315323765392,
        "wall-time-sum": 8141.157
    },
    "data": {
        "stage1-O0-g": {
            "Bullet": {
                "instructions": 70681435486,
                "instructions:u": 66170130483,
                "cycles": 41527622741.5,
                "task-clock": 8246.68,
                "branches": 13322237184,
                "branch-misses": 275778227.5,
                "max-rss": 9892568,
                "wall-time": 8.294999999999991,
                "size-file": 5281800,
                "size-text": 1190840,
                "size-data": 772904,
                "size-bss": 45552,
                "size-total": 2009296
            },
            "7zip": {
                "instructions": 151859408992,
                "instructions:u": 142632635709.5,
                "cycles": 97212215696,
                "task-clock": 19249.855,
                "branches": 29142657880,
                "branch-misses": 619666566,
                "max-rss": 17880790,
                "wall-time": 19.49500000000001,
                "size-file": 5873056,
                "size-text": 1321909,
                "size-data": 44840,
                "size-bss": 29408,
                "size-total": 1396157
            },
            "ClamAV": {
                "instructions": 16458602678,
                "instructions:u": 13755750733,
                "cycles": 10494684651.5,
                "task-clock": 2079.355,
                "branches": 3123430558,
                "branch-misses": 65879683,
                "max-rss": 6933456,
                "wall-time": 2.15,
                "size-file": 1772952,
                "size-text": 853191,
                "size-data": 68532,
                "size-bss": 4688,
                "size-total": 926411
            },
            "lencod": {
                "instructions": 14329929588,
                "instructions:u": 12743566345.5,
                "cycles": 8474317128.5,
                "task-clock": 1681.71,
                "branches": 2708992722.5,
                "branch-misses": 51120471.5,
                "max-rss": 4024224,
                "wall-time": 1.740000000000001,
                "size-file": 2056528,
                "size-text": 876732,
                "size-data": 16688,
                "size-bss": 109376,
                "size-total": 1002796
            },
            "mafft": {
                "instructions": 7503402168,
                "instructions:u": 6728207802,
                "cycles": 4288748467.5,
                "task-clock": 851.0000000000001,
                "branches": 1430438548.5,
                "branch-misses": 26022848,
                "max-rss": 1992766,
                "wall-time": 0.8650000000000003,
                "size-file": 827456,
                "size-text": 406891,
                "size-data": 9005,
                "size-bss": 132727136,
                "size-total": 133143032
            },
            "consumer-typeset": {
                "instructions": 14032785379.5,
                "instructions:u": 12567100364.5,
                "cycles": 7969478704,
                "task-clock": 1581.5450000000003,
                "branches": 2675201358,
                "branch-misses": 44373568,
                "max-rss": 3745868,
                "wall-time": 1.6250000000000009,
                "size-file": 1719424,
                "size-text": 1033153,
                "size-data": 7816,
                "size-bss": 65232,
                "size-total": 1106201
            },
            "sqlite3": {
                "instructions": 4772838015.5,
                "instructions:u": 4627137445.5,
                "cycles": 2968947605,
                "task-clock": 587.2900000000001,
                "branches": 889058944,
                "branch-misses": 20200894,
                "max-rss": 240576,
                "wall-time": 0.5900000000000001,
                "size-file": 1011160,
                "size-text": 479843,
                "size-data": 6320,
                "size-bss": 664,
                "size-total": 486827
            },
            "kimwitu++": {
                "instructions": 25786410756.5,
                "instructions:u": 24842737264,
                "cycles": 18315336303.5,
                "task-clock": 3624.84,
                "branches": 4897346637.5,
                "branch-misses": 127102324.5,
                "max-rss": 1464986,
                "wall-time": 3.6399999999999997,
                "size-file": 4585560,
                "size-text": 1369652,
                "size-data": 80072,
                "size-bss": 12272,
                "size-total": 1461996
            },
            "SPASS": {
                "instructions": 15820264246,
                "instructions:u": 14360420183,
                "cycles": 9800001207,
                "task-clock": 1943.0699999999997,
                "branches": 2998496667.5,
                "branch-misses": 63869259,
                "max-rss": 3673004,
                "wall-time": 1.9800000000000006,
                "size-file": 1922768,
                "size-text": 865387,
                "size-data": 2792,
                "size-bss": 358648,
                "size-total": 1226827
            },
            "tramp3d-v4": {
                "instructions": 22003897546,
                "instructions:u": 21382924676,
                "cycles": 16589282605,
                "task-clock": 3243.095,
                "branches": 4156099170.5,
                "branch-misses": 104951563,
                "max-rss": 435384,
                "wall-time": 3.25,
                "size-file": 10277744,
                "size-text": 1335430,
                "size-data": 7976,
                "size-bss": 1544,
                "size-total": 1344950
            },
            "geomean": {
                "instructions": 20219327793.241158,
                "instructions:u": 18593180098.465984,
                "cycles": 12692184230.901342,
                "task-clock": 2512.457378765313,
                "branches": 3831644925.503307,
                "branch-misses": 80507222.53512877,
                "max-rss": 2702287.841529749,
                "wall-time": 2.552759351060412,
                "size-file": 2611345.004902961,
                "size-text": 906807.6425751364,
                "size-data": 22374.09840129762,
                "size-bss": 43941.02801710208,
                "size-total": 1842450.0678831863
            }
        },
        "stage1-aarch64-O0-g": {
            "Bullet": {
                "instructions": 76821726379,
                "instructions:u": 72449618549,
                "cycles": 44171960502,
                "task-clock": 8765.449999999999,
                "branches": 14608505321,
                "branch-misses": 291504598,
                "max-rss": 9666464,
                "wall-time": 8.87,
                "size-file": 5396008,
                "size-text": 1166872,
                "size-data": 773040,
                "size-bss": 45520,
                "size-total": 1985432
            },
            "7zip": {
                "instructions": 161499786019,
                "instructions:u": 152125790844,
                "cycles": 102028420346,
                "task-clock": 20209.820000000018,