{
    "config": 3,
    "clang_size": {
        "size-text": 92673004,
        "size-data": 4266792,
        "size-bss": 319528,
        "size-total": 97259324,
        "wall-time": 39.332659006118774
    },
    "data": {
        "NewPM-O0-g": {
            "lencod": {
                "instructions": 15456604356,
                "instructions:u": 13982673603,
                "cycles": 10887960620,
                "task-clock": 3027.64,
                "branches": 2896358829,
                "branch-misses": 53853937,
                "max-rss": 3520744,
                "wall-time": 3.3400000000000003,
                "size-file": 2104152,
                "size-text": 916867,
                "size-data": 16688,
                "size-bss": 109376,
                "size-total": 1042931
            },
            "Bullet": {
                "instructions": 70586494900,
                "instructions:u": 66561042453,
                "cycles": 52850750048,
                "task-clock": 14694.61,
                "branches": 13383998125,
                "branch-misses": 293458186,
                "max-rss": 8571708,
                "wall-time": 15.360000000000001,
                "size-file": 5263920,
                "size-text": 1229327,
                "size-data": 772904,
                "size-bss": 45552,
                "size-total": 2047783
            },
            "mafft": {
                "instructions": 8046260480,
                "instructions:u": 7306968468,
                "cycles": 5610988393,
                "task-clock": 1560.38,
                "branches": 1522144750,
                "branch-misses": 28354018,
                "max-rss": 1749464,
                "wall-time": 1.7500000000000004,
                "size-file": 854152,
                "size-text": 431690,
                "size-data": 9005,
                "size-bss": 132727136,
                "size-total": 133167831
            },
            "tramp3d-v4": {
                "instructions": 23510019540,
                "instructions:u": 22911170173,
                "cycles": 20209341968,
                "task-clock": 5618.6900000000005,
                "branches": 4403059680,
                "branch-misses": 106387619,
                "max-rss": 406500,
                "wall-time": 5.640000000000001,
                "size-file": 9694216,
                "size-text": 1351918,
                "size-data": 7968,
                "size-bss": 1544,
                "size-total": 1361430
            },
            "ClamAV": {
                "instructions": 17217764848,
                "instructions:u": 14767802852,
                "cycles": 13161136623,
                "task-clock": 3660.2200000000007,
                "branches": 3247005121,
                "branch-misses": 69438357,
                "max-rss": 6032996,
                "wall-time": 4.249999999999996,
                "size-file": 1814808,
                "size-text": 907863,
                "size-data": 68532,
                "size-bss": 4688,
                "size-total": 981083
            },
            "kimwitu++": {
                "instructions": 26843853845,
                "instructions:u": 25957416133,
                "cycles": 22915046817,
                "task-clock": 6369.950000000001,
                "branches": 5118242159,
                "branch-misses": 136383575,
                "max-rss": 1311052,
                "wall-time": 6.44,
                "size-file": 4464960,
                "size-text": 1412124,
                "size-data": 80072,
                "size-bss": 12272,
                "size-total": 1504468
            },
            "sqlite3": {
                "instructions": 5649734571,
                "instructions:u": 5476648171,
                "cycles": 4125792238,
                "task-clock": 1147.19,
                "branches": 1040507205,
                "branch-misses": 21700921,
                "max-rss": 250136,
                "wall-time": 1.1700000000000002,
                "size-file": 1048048,
                "size-text": 514227,
                "size-data": 6320,
                "size-bss": 664,
                "size-total": 521211
            },
            "SPASS": {
                "instructions": 16705895586,
                "instructions:u": 15342010971,
                "cycles": 12848941507,
                "task-clock": 3572.9399999999996,
                "branches": 3152040106,
                "branch-misses": 71079694,
                "max-rss": 3221072,
                "wall-time": 3.8899999999999992,
                "size-file": 1966896,
                "size-text": 905615,
                "size-data": 2800,
                "size-bss": 358744,
                "size-total": 1267159
            },
            "7zip": {
                "instructions": 84501430883,
                "instructions:u": 77504401827,
                "cycles": 68962260004,
                "task-clock": 19175.390000000003,
                "branches": 16281971886,
                "branch-misses": 390078274,
                "max-rss": 14421648,
                "wall-time": 20.439999999999994,
                "size-file": 5870472,
                "size-text": 1394085,
                "size-data": 44832,
                "size-bss": 29408,
                "size-total": 1468325
            },
            "consumer-typeset": {
                "instructions": 15075789668,
                "instructions:u": 13723401901,
                "cycles": 10445535629,
                "task-clock": 2904.599999999999,
                "branches": 2839015953,
                "branch-misses": 49687123,
                "max-rss": 3308432,
                "wall-time": 3.1799999999999993,
                "size-file": 1725960,
                "size-text": 1085809,
                "size-data": 7816,
                "size-bss": 65232,
                "size-total": 1158857
            },
            "geomean": {
                "instructions": 20228078776.87726,
                "instructions:u": 18738539851.530037,
                "cycles": 15402528791.627962,
                "task-clock": 4282.784845603104,
                "branches": 3815895055.045713,
                "branch-misses": 81851194.59246887,
                "max-rss": 2406929.7051239414,
                "wall-time": 4.5843451816173335,
                "size-file": 2624791.928967009,
                "size-text": 949320.9008049807,
                "size-data": 22377.85598091198,
                "size-bss": 43942.20405340143,
                "size-total": 1908850.6863692019
            }
        }
    }
}