{
    "config": 6,
    "clang_size": {
        "size-file": 150627432,
        "size-text": 127308672,
        "size-data": 2535068,
        "size-bss": 653621,
        "size-total": 130497361,
        "wall-time": 37.75441908836365
    },
    "stage2": {
        "size-file": 132239352,
        "size-text": 111495265,
        "size-data": 2459820,
        "size-bss": 487906,
        "size-total": 114442991,
        "wall-time-full": 599.7797219753265,
        "max-rss": 2402396,
        "wall-time": 595.38,
        "instructions": 35125026520658,
        "instructions:u": 34535064582704,
        "cycles": 41906954542825,
        "task-clock": 8520251.49,
        "branches": 6709754832020,
        "branch-misses": 302641146607,
        "wall-time-sum": 7798.168
    },
    "data": []
}