{
    "config": 3,
    "clang_size": {
        "size-text": 99289678,
        "size-data": 4445544,
        "size-bss": 446512,
        "size-total": 104181734,
        "wall-time": 45.161558866500854
    },
    "data": {
        "NewPM-O3": {
            "lencod": {
                "instructions": 82625359136,
                "instructions:u": 80938321754,
                "cycles": 54887048436,
                "task-clock": 15259.239999999994,
                "branches": 15944544571,
                "branch-misses": 423230963,
                "max-rss": 4143868,
                "wall-time": 15.6,
                "size-file": 986584,
                "size-text": 910063,
                "size-data": 15136,
                "size-bss": 108640,
                "size-total": 1033839
            },
            "Bullet": {
                "instructions": 116244535821,
                "instructions:u": 112158371965,
                "cycles": 88313101256,
                "task-clock": 24551.219999999998,
                "branches": 22614106669,
                "branch-misses": 650092056,
                "max-rss": 9641176,
                "wall-time": 25.21000000000001,
                "size-file": 1934336,
                "size-text": 910927,
                "size-data": 772680,
                "size-bss": 43440,
                "size-total": 1727047
            },
            "mafft": {
                "instructions": 42817099312,
                "instructions:u": 41965806973,
                "cycles": 30291031897,
                "task-clock": 8421.08,
                "branches": 8275872174,
                "branch-misses": 266431348,
                "max-rss": 2092804,
                "wall-time": 8.61,
                "size-file": 573264,
                "size-text": 503125,
                "size-data": 9077,
                "size-bss": 132716752,
                "size-total": 133228954
            },
            "tramp3d-v4": {
                "instructions": 104852280345,
                "instructions:u": 104475773293,
                "cycles": 80966188560,
                "task-clock": 22510.22,
                "branches": 20597605045,
                "branch-misses": 624667636,
                "max-rss": 302868,
                "wall-time": 22.54,
                "size-file": 1394232,
                "size-text": 1044289,
                "size-data": 7448,
                "size-bss": 1456,
                "size-total": 1053193
            },
            "ClamAV": {
                "instructions": 68343029786,
                "instructions:u": 65525405573,
                "cycles": 49077621681,
                "task-clock": 13644.690000000002,
                "branches": 13340194878,
                "branch-misses": 433444528,
                "max-rss": 7168964,
                "wall-time": 14.249999999999996,
                "size-file": 889888,
                "size-text": 772106,
                "size-data": 66772,
                "size-bss": 4688,
                "size-total": 843566
            },
            "kimwitu++": {
                "instructions": 47947110242,
                "instructions:u": 47142942945,
                "cycles": 39763892337,
                "task-clock": 11053.279999999999,
                "branches": 9503812576,
                "branch-misses": 305012426,
                "max-rss": 1384832,
                "wall-time": 11.170000000000002,
                "size-file": 1384664,
                "size-text": 888703,
                "size-data": 71728,
                "size-bss": 12256,
                "size-total": 972687
            },
            "sqlite3": {
                "instructions": 46258332605,
                "instructions:u": 46087366853,
                "cycles": 35579398575,
                "task-clock": 9891.84,
                "branches": 9105423251,
                "branch-misses": 324722831,
                "max-rss": 246384,
                "wall-time": 9.93,
                "size-file": 612648,
                "size-text": 566154,
                "size-data": 5671,
                "size-bss": 664,
                "size-total": 572489
            },
            "SPASS": {
                "instructions": 55815907242,
                "instructions:u": 54341912738,
                "cycles": 42836470866,
                "task-clock": 11909.109999999997,
                "branches": 10965663848,
                "branch-misses": 394042662,
                "max-rss": 3802460,
                "wall-time": 12.220000000000002,
                "size-file": 723040,
                "size-text": 647787,
                "size-data": 2656,
                "size-bss": 358728,
                "size-total": 1009171
            },
            "7zip": {
                "instructions": 234839910249,
                "instructions:u": 226278585354,
                "cycles": 196623841315,
                "task-clock": 54659.16000000004,
                "branches": 45814175033,
                "branch-misses": 1431218976,
                "max-rss": 17742568,
                "wall-time": 56.12000000000001,
                "size-file": 1619504,
                "size-text": 1246659,
                "size-data": 40136,
                "size-bss": 29344,
                "size-total": 1316139
            },
            "consumer-typeset": {
                "instructions": 43114134064,
                "instructions:u": 41628857582,
                "cycles": 30809785889,
                "task-clock": 8565.63,
                "branches": 8450069623,
                "branch-misses": 256847722,
                "max-rss": 3812864,
                "wall-time": 8.9,
                "size-file": 603656,
                "size-text": 556667,
                "size-data": 7152,
                "size-bss": 65208,
                "size-total": 629027
            },
            "geomean": {
                "instructions": 71903117948.69632,
                "instructions:u": 70185568773.16808,
                "cycles": 54085672211.751175,
                "task-clock": 15036.221034892738,
                "branches": 14056840976.097626,
                "branch-misses": 442025734.9950262,
                "max-rss": 2631671.2192378053,
                "wall-time": 15.37110420596848,
                "size-file": 979620.8818314024,
                "size-text": 772893.2543294637,
                "size-data": 20961.02525149738,
                "size-bss": 43431.58309369507,
                "size-total": 1582216.387312699
            }
        },
        "NewPM-ReleaseThinLTO": {
            "lencod": {
                "instructions": 143403494748,
                "instructions:u": 141724803861,
                "cycles": 90012824776,
                "task-clock": 25021.789999999994,
                "branches": 27712317930,
                "branch-misses": 619770398,
                "max-rss": 3749948,
                "wall-time": 15.479999999999997,
                "size-file": 1052768,
                "size-text": 976038,
                "size-data": 15140,
                "size-bss": 106056,
                "size-total": 1097234
            },
            "Bullet": {
                "instructions": 110548861053,
                "instructions:u": 106543139862,
                "cycles": 83855167345,
                "task-clock": 23314.050000000007,
                "branches": 21503851920,
                "branch-misses": 579748327,
                "max-rss": 8764296,
                "wall-time": 31.32999999999999,
                "size-file": 914856,
                "size-text": 393882,
                "size-data": 415224,
                "size-bss": 42336,
                "size-total": 851442
            },
            "mafft": {
                "instructions": 37788735773,
                "instructions:u": 36957035339,
                "cycles": 26555598329,
                "task-clock": 7382.199999999999,
                "branches": 7346387803,