{
    "config": 3,
    "clang_size": {
        "size-text": 98730243,
        "size-data": 3005328,
        "size-bss": 453392,
        "size-total": 102188963,
        "wall-time": 991.180223941803
    },
    "data": {
        "NewPM-O0-g": {
            "lencod": {
                "instructions": 15092887277,
                "instructions:u": 13627642363,
                "cycles": 10787942436,
                "task-clock": 2999.6300000000006,
                "branches": 2819225861,
                "branch-misses": 55502897,
                "max-rss": 3467580,
                "wall-time": 3.31,
                "size-file": 2105224,
                "size-text": 915619,
                "size-data": 16688,
                "size-bss": 109376,
                "size-total": 1041683
            },
            "Bullet": {
                "instructions": 70535218402,
                "instructions:u": 66531293801,
                "cycles": 54229899158,
                "task-clock": 15075.66,
                "branches": 13377653734,
                "branch-misses": 304955837,
                "max-rss": 8454876,
                "wall-time": 15.779999999999994,
                "size-file": 5260440,
                "size-text": 1228327,
                "size-data": 772904,
                "size-bss": 45552,
                "size-total": 2046783
            },
            "mafft": {
                "instructions": 7862473445,
                "instructions:u": 7131454480,
                "cycles": 5576211030,
                "task-clock": 1550.41,
                "branches": 1482536089,
                "branch-misses": 29123404,
                "max-rss": 1719444,
                "wall-time": 1.7200000000000004,
                "size-file": 854688,
                "size-text": 431674,
                "size-data": 9005,
                "size-bss": 132727136,
                "size-total": 133167815
            },
            "tramp3d-v4": {
                "instructions": 24021568163,
                "instructions:u": 23398093057,
                "cycles": 21395968311,
                "task-clock": 5948.4,
                "branches": 4494222370,
                "branch-misses": 115600700,
                "max-rss": 414636,
                "wall-time": 5.96,
                "size-file": 9751664,
                "size-text": 1355313,
                "size-data": 8032,
                "size-bss": 1544,
                "size-total": 1364889
            },
            "ClamAV": {
                "instructions": 16864198424,
                "instructions:u": 14408285758,
                "cycles": 13101581654,
                "task-clock": 3643.5100000000034,
                "branches": 3168917256,
                "branch-misses": 72160856,
                "max-rss": 5935408,
                "wall-time": 4.239999999999997,
                "size-file": 1817216,
                "size-text": 907415,
                "size-data": 68532,
                "size-bss": 4688,
                "size-total": 980635
            },
            "kimwitu++": {
                "instructions": 27206271610,
                "instructions:u": 26280018401,
                "cycles": 23878748086,
                "task-clock": 6637.5,
                "branches": 5191339414,
                "branch-misses": 144470013,
                "max-rss": 1302688,
                "wall-time": 6.73,
                "size-file": 4468240,
                "size-text": 1412100,
                "size-data": 80072,
                "size-bss": 12272,
                "size-total": 1504444
            },
            "sqlite3": {
                "instructions": 5460757098,
                "instructions:u": 5294615150,
                "cycles": 3957197044,
                "task-clock": 1100.03,
                "branches": 1005197866,
                "branch-misses": 22316310,
                "max-rss": 239204,
                "wall-time": 1.11,
                "size-file": 1050144,
                "size-text": 514083,
                "size-data": 6320,
                "size-bss": 664,
                "size-total": 521067
            },
            "SPASS": {
                "instructions": 16592462791,
                "instructions:u": 15232596431,
                "cycles": 13070494159,
                "task-clock": 3634.2900000000004,
                "branches": 3123639567,
                "branch-misses": 74038196,
                "max-rss": 3178628,
                "wall-time": 3.9099999999999993,
                "size-file": 1972720,
                "size-text": 905583,
                "size-data": 2800,
                "size-bss": 358744,
                "size-total": 1267127
            },
            "7zip": {
                "instructions": 152939347827,
                "instructions:u": 144369320974,
                "cycles": 135441901728,
                "task-clock": 37648.93000000001,
                "branches": 29539993411,
                "branch-misses": 762269779,
                "max-rss": 15523664,
                "wall-time": 39.050000000000026,
                "size-file": 5859888,
                "size-text": 1393789,
                "size-data": 44832,
                "size-bss": 29408,
                "size-total": 1468029
            },
            "consumer-typeset": {
                "instructions": 14676599252,
                "instructions:u": 13350179791,
                "cycles": 10419265652,
                "task-clock": 2896.8200000000006,
                "branches": 2752074638,
                "branch-misses": 51169067,
                "max-rss": 3250164,
                "wall-time": 3.2099999999999995,
                "size-file": 1720632,
                "size-text": 1085681,
                "size-data": 7816,
                "size-bss": 65232,
                "size-total": 1158729
            },
            "geomean": {
                "instructions": 21248496246.12022,
                "instructions:u": 19722472608.670776,
                "cycles": 16605248083.0591,
                "task-clock": 4616.59046767483,
                "branches": 4002527321.7695675,
                "branch-misses": 90845391.39158905,
                "max-rss": 2394631.7787850685,
                "wall-time": 4.9200740895177075,
                "size-file": 2627024.5885114684,
                "size-text": 949239.1616782143,
                "size-data": 22395.765524076764,
                "size-bss": 43942.20405340143,
                "size-total": 1908805.873807497
            }
        }
    }
}