{
    "config": 2,
    "clang_size": {
        "size-text": 97711486,
        "size-data": 4284472,
        "size-bss": 412488,
        "size-total": 102408446
    },
    "data": {
        "NewPM-O0-g": {
            "lencod": {
                "instructions": 14980390299,
                "instructions:u": 13718114536,
                "cycles": 10871682477,
                "task-clock": 3022.8100000000004,
                "branches": 2840340755,
                "branch-misses": 54593108,
                "max-rss": 3631792,
                "wall-time": 3.16,
                "size-file": 2104840,
                "size-text": 917037,
                "size-data": 16688,
                "size-bss": 109376,
                "size-total": 1043101
            },
            "Bullet": {
                "instructions": 67597689229,
                "instructions:u": 64165141874,
                "cycles": 52808891262,
                "task-clock": 14682.899999999998,
                "branches": 12879763076,
                "branch-misses": 299523523,
                "max-rss": 8760580,
                "wall-time": 14.829999999999997,
                "size-file": 5248240,
                "size-text": 1229498,
                "size-data": 772904,
                "size-bss": 45552,
                "size-total": 2047954
            },
            "mafft": {
                "instructions": 7677391102,
                "instructions:u": 7052595781,
                "cycles": 5542095858,
                "task-clock": 1541.0699999999997,
                "branches": 1469642729,
                "branch-misses": 28502367,
                "max-rss": 1801980,
                "wall-time": 1.6100000000000003,
                "size-file": 854976,
                "size-text": 431864,
                "size-data": 9005,
                "size-bss": 132727136,
                "size-total": 133168005
            },
            "tramp3d-v4": {
                "instructions": 24330629114,
                "instructions:u": 23748516047,
                "cycles": 21167761816,
                "task-clock": 5883.96,
                "branches": 4592084634,
                "branch-misses": 115529028,
                "max-rss": 411032,
                "wall-time": 5.9,
                "size-file": 9723056,
                "size-text": 1350735,
                "size-data": 8016,
                "size-bss": 1544,
                "size-total": 1360295
            },
            "ClamAV": {
                "instructions": 16775426645,
                "instructions:u": 14678317568,
                "cycles": 13206517321,
                "task-clock": 3672.0500000000006,
                "branches": 3202917524,
                "branch-misses": 70896705,
                "max-rss": 6253468,
                "wall-time": 3.8799999999999955,
                "size-file": 1815928,
                "size-text": 908129,
                "size-data": 68532,
                "size-bss": 4688,
                "size-total": 981349
            },
            "kimwitu++": {
                "instructions": 27177867072,
                "instructions:u": 26415438936,
                "cycles": 23412186576,
                "task-clock": 6508.62,
                "branches": 5215906002,
                "branch-misses": 142764260,
                "max-rss": 1331436,
                "wall-time": 6.52,
                "size-file": 4434168,
                "size-text": 1405954,
                "size-data": 80040,
                "size-bss": 12272,
                "size-total": 1498266
            },
            "sqlite3": {
                "instructions": 5550072620,
                "instructions:u": 5410296204,
                "cycles": 4102713125,
                "task-clock": 1140.32,
                "branches": 1036983168,
                "branch-misses": 22799398,
                "max-rss": 249216,
                "wall-time": 1.1600000000000001,
                "size-file": 1053144,
                "size-text": 514517,
                "size-data": 6320,
                "size-bss": 664,
                "size-total": 521501
            },
            "SPASS": {
                "instructions": 16306595834,
                "instructions:u": 15144117576,
                "cycles": 13079571233,
                "task-clock": 3636.4500000000003,
                "branches": 3109826486,
                "branch-misses": 73411509,
                "max-rss": 3329464,
                "wall-time": 3.6999999999999993,
                "size-file": 1967616,
                "size-text": 905796,
                "size-data": 2800,
                "size-bss": 358744,
                "size-total": 1267340
            },
            "7zip": {
                "instructions": 141552966713,
                "instructions:u": 134663703293,
                "cycles": 125085550248,
                "task-clock": 34773.01999999998,
                "branches": 27441791696,
                "branch-misses": 709172210,
                "max-rss": 15890664,
                "wall-time": 35.25000000000002,
                "size-file": 5839568,
                "size-text": 1394427,
                "size-data": 44848,
                "size-bss": 29408,
                "size-total": 1468683
            },
            "consumer-typeset": {
                "instructions": 14713452847,
                "instructions:u": 13560442390,
                "cycles": 10480294742,
                "task-clock": 2913.8299999999995,
                "branches": 2798794641,
                "branch-misses": 50890416,
                "max-rss": 3408012,
                "wall-time": 3.0299999999999994,
                "size-file": 1726856,
                "size-text": 1086024,
                "size-data": 7816,
                "size-bss": 65232,
                "size-total": 1159072
            },
            "geomean": {
                "instructions": 20945978226.03929,
                "instructions:u": 19643110475.50774,
                "cycles": 16465800009.222466,
                "task-clock": 4577.75267855696,
                "branches": 3989575468.3315163,
                "branch-misses": 89484158.68555757,
                "max-rss": 2480455.305423584,
                "wall-time": 4.691208014489073,
                "size-file": 2623593.3426030013,
                "size-text": 949033.5879153819,
                "size-data": 22391.20416260419,
                "size-bss": 43942.20405340143,
                "size-total": 1908217.4954680875
            }
        }
    }
}