{
    "config": 2,
    "clang_size": {
        "size-text": 98920043,
        "size-data": 4322048,
        "size-bss": 415936,
        "size-total": 103658027
    },
    "data": {
        "NewPM-ReleaseLTO-g": {
            "lencod": {
                "instructions": 170775857800,
                "instructions:u": 169100568630,
                "cycles": 111885765994,
                "task-clock": 31103.06000000001,
                "branches": 33614009742,
                "branch-misses": 697687619,
                "max-rss": 4112580,
                "wall-time": 31.21999999999999,
                "size-file": 2582088,
                "size-text": 927965,
                "size-data": 15240,
                "size-bss": 105776,
                "size-total": 1048981
            },
            "Bullet": {
                "instructions": 126826125727,
                "instructions:u": 123249343564,
                "cycles": 98716093725,
                "task-clock": 27442.12999999999,
                "branches": 24901035011,
                "branch-misses": 656117113,
                "max-rss": 9132148,
                "wall-time": 27.61999999999999,
                "size-file": 2487264,
                "size-text": 418385,
                "size-data": 412864,
                "size-bss": 42344,
                "size-total": 873593
            },
            "mafft": {
                "instructions": 51953308711,
                "instructions:u": 51195008239,
                "cycles": 36710771458,
                "task-clock": 10205.06,
                "branches": 10202147215,
                "branch-misses": 279132101,
                "max-rss": 1983276,
                "wall-time": 10.239999999999998,
                "size-file": 604136,
                "size-text": 224747,
                "size-data": 3112,
                "size-bss": 14514160,
                "size-total": 14742019
            },
            "tramp3d-v4": {
                "instructions": 251930705572,
                "instructions:u": 250675936917,
                "cycles": 191695354194,
                "task-clock": 53284.92,
                "branches": 50539715137,
                "branch-misses": 1188655375,
                "max-rss": 1242892,
                "wall-time": 53.33,
                "size-file": 12981304,
                "size-text": 1101488,
                "size-data": 7096,
                "size-bss": 1264,
                "size-total": 1109848
            },
            "ClamAV": {
                "instructions": 111517652227,
                "instructions:u": 109115330646,
                "cycles": 80852309454,
                "task-clock": 22476.949999999993,
                "branches": 21999393490,
                "branch-misses": 636343712,
                "max-rss": 6705268,
                "wall-time": 22.700000000000006,
                "size-file": 2271736,
                "size-text": 782922,
                "size-data": 65585,
                "size-bss": 4688,
                "size-total": 853195
            },
            "kimwitu++": {
                "instructions": 71819609645,
                "instructions:u": 70839294917,
                "cycles": 59303029761,
                "task-clock": 16486.069999999996,
                "branches": 14306670693,
                "branch-misses": 400558329,
                "max-rss": 1614264,
                "wall-time": 16.5,
                "size-file": 3717048,
                "size-text": 822796,
                "size-data": 67920,
                "size-bss": 12200,
                "size-total": 902916
            },
            "sqlite3": {
                "instructions": 76457801387,
                "instructions:u": 76107089162,
                "cycles": 58590181085,
                "task-clock": 16287.07,
                "branches": 15165529060,
                "branch-misses": 479755847,
                "max-rss": 444900,
                "wall-time": 16.31,
                "size-file": 1985200,
                "size-text": 560955,
                "size-data": 5767,
                "size-bss": 568,
                "size-total": 567290
            },
            "SPASS": {
                "instructions": 97122354610,
                "instructions:u": 95663798598,
                "cycles": 75911030445,
                "task-clock": 21103.189999999995,
                "branches": 19193439658,
                "branch-misses": 590561278,
                "max-rss": 3775856,
                "wall-time": 21.189999999999994,
                "size-file": 2672616,
                "size-text": 590072,
                "size-data": 2696,
                "size-bss": 330456,
                "size-total": 923224
            },
            "7zip": {
                "instructions": 311851170618,
                "instructions:u": 304365164820,
                "cycles": 258461302141,
                "task-clock": 71850.25999999997,
                "branches": 61094444126,
                "branch-misses": 1828875805,
                "max-rss": 16900152,
                "wall-time": 72.19999999999999,
                "size-file": 5728064,
                "size-text": 1334563,
                "size-data": 38112,
                "size-bss": 28304,
                "size-total": 1400979
            },
            "consumer-typeset": {
                "instructions": 70360056597,
                "instructions:u": 69070620488,
                "cycles": 49861916452,
                "task-clock": 13860.59,
                "branches": 13903804936,
                "branch-misses": 378248812,
                "max-rss": 3581424,
                "wall-time": 13.97,
                "size-file": 1427904,
                "size-text": 620335,
                "size-data": 7224,
                "size-bss": 65200,
                "size-total": 692759
            },
            "geomean": {
                "instructions": 113975911494.8337,
                "instructions:u": 112209363432.76584,
                "cycles": 85696511520.8651,
                "task-clock": 23822.62677777768,
                "branches": 22522454311.547367,
                "branch-misses": 613777929.6586682,
                "max-rss": 3168194.772869262,
                "wall-time": 23.926305496965718,
                "size-file": 2670637.6616546437,
                "size-text": 665210.4207740375,
                "size-data": 17470.915751214532,
                "size-bss": 33201.84993620477,
                "size-total": 1193635.9500003525
            }
        },
        "NewPM-O0-g": {
            "lencod": {
                "instructions": 15012721932,
                "instructions:u": 13746420483,
                "cycles": 10994711487,
                "task-clock": 3056.9800000000005,
                "branches": 2844262464,
                "branch-misses": 54583463,
                "max-rss": 3652000,
                "wall-time": 3.1799999999999997,
                "size-file": 2105008,
                "size-text": 917037,
                "size-data": 16688,
                "size-bss": 109376,
                "size-total": 1043101
            },
            "Bullet": {
                "instructions": 67634650508,
                "instructions:u": 64210625102,
                "cycles": 53454296689,
                "task-clock": 14859.660000000003,
                "branches": 12863078810,
                "branch-misses": 299839547,
                "max-rss": 8809928,
                "wall-time": 15.06,
                "size-file": 5249864,
                "size-text": 1229498,
                "size-data": 772904,
                "size-bss": 45552,
                "size-total": 2047954
            },
            "mafft": {
                "instructions": 7678935457,
                "instructions:u": 7049873318,
                "cycles": 5583815776,
                "task-clock": 1552.5500000000004,
                "branches": 1467986672,