{
    "config": 3,
    "clang_size": {
        "size-text": 99138136,
        "size-data": 4412320,
        "size-bss": 446256,
        "size-total": 103996712,
        "wall-time": 45.17488479614258
    },
    "data": {
        "NewPM-O3": {
            "lencod": {
                "instructions": 83180079627,
                "instructions:u": 81504508829,
                "cycles": 55137603155,
                "task-clock": 15328.590000000004,
                "branches": 16036867402,
                "branch-misses": 427288145,
                "max-rss": 4135820,
                "wall-time": 15.659999999999998,
                "size-file": 986584,
                "size-text": 909943,
                "size-data": 15136,
                "size-bss": 108640,
                "size-total": 1033719
            },
            "Bullet": {
                "instructions": 116407850008,
                "instructions:u": 112310882095,
                "cycles": 87991231431,
                "task-clock": 24461.03,
                "branches": 22614939429,
                "branch-misses": 652320766,
                "max-rss": 9630624,
                "wall-time": 25.160000000000014,
                "size-file": 1934336,
                "size-text": 911123,
                "size-data": 772680,
                "size-bss": 43440,
                "size-total": 1727243
            },
            "mafft": {
                "instructions": 43265708578,
                "instructions:u": 42417392661,
                "cycles": 30577791709,
                "task-clock": 8500.23,
                "branches": 8356197713,
                "branch-misses": 269674038,
                "max-rss": 2087336,
                "wall-time": 8.69,
                "size-file": 573264,
                "size-text": 503301,
                "size-data": 9077,
                "size-bss": 132716752,
                "size-total": 133229130
            },
            "tramp3d-v4": {
                "instructions": 105888564043,
                "instructions:u": 105514077941,
                "cycles": 81095134631,
                "task-clock": 22545.01,
                "branches": 20785216888,
                "branch-misses": 630495220,
                "max-rss": 302196,
                "wall-time": 22.57,
                "size-file": 1394232,
                "size-text": 1044457,
                "size-data": 7448,
                "size-bss": 1456,
                "size-total": 1053361
            },
            "ClamAV": {
                "instructions": 68833365113,
                "instructions:u": 66018540796,
                "cycles": 49173386287,
                "task-clock": 13671.690000000006,
                "branches": 13426417296,
                "branch-misses": 438581704,
                "max-rss": 7144356,
                "wall-time": 14.289999999999994,
                "size-file": 889888,
                "size-text": 772282,
                "size-data": 66772,
                "size-bss": 4688,
                "size-total": 843742
            },
            "kimwitu++": {
                "instructions": 48116254778,
                "instructions:u": 47315083431,
                "cycles": 39672455875,
                "task-clock": 11027.57,
                "branches": 9528010402,
                "branch-misses": 305842664,
                "max-rss": 1385944,
                "wall-time": 11.11,
                "size-file": 1384664,
                "size-text": 888719,
                "size-data": 71728,
                "size-bss": 12256,
                "size-total": 972703
            },
            "sqlite3": {
                "instructions": 48392802545,
                "instructions:u": 48220755145,
                "cycles": 36820504413,
                "task-clock": 10233.980000000001,
                "branches": 9523679630,
                "branch-misses": 338354670,
                "max-rss": 244776,
                "wall-time": 10.26,
                "size-file": 612648,
                "size-text": 566074,
                "size-data": 5671,
                "size-bss": 664,
                "size-total": 572409
            },
            "SPASS": {
                "instructions": 56320463441,
                "instructions:u": 54851520742,
                "cycles": 43032011375,
                "task-clock": 11962.739999999994,
                "branches": 11052908697,
                "branch-misses": 398082849,
                "max-rss": 3792708,
                "wall-time": 12.280000000000003,
                "size-file": 723040,
                "size-text": 647131,
                "size-data": 2656,
                "size-bss": 358728,
                "size-total": 1008515
            },
            "7zip": {
                "instructions": 234924432022,
                "instructions:u": 226351491312,
                "cycles": 195356783530,
                "task-clock": 54310.66,
                "branches": 45768394997,
                "branch-misses": 1436208250,
                "max-rss": 17705140,
                "wall-time": 55.75000000000002,
                "size-file": 1619584,
                "size-text": 1247267,
                "size-data": 40136,
                "size-bss": 29344,
                "size-total": 1316747
            },
            "consumer-typeset": {
                "instructions": 43420920628,
                "instructions:u": 41950364728,
                "cycles": 30906445942,
                "task-clock": 8592.330000000002,
                "branches": 8498988521,
                "branch-misses": 259781294,
                "max-rss": 3797036,
                "wall-time": 8.88,
                "size-file": 603656,
                "size-text": 556715,
                "size-data": 7152,
                "size-bss": 65208,
                "size-total": 629075
            },
            "geomean": {
                "instructions": 72629984313.004,
                "instructions:u": 70909841769.6586,
                "cycles": 54340875868.440605,
                "task-clock": 15106.474919614002,
                "branches": 14185527448.162733,
                "branch-misses": 447138689.6197602,
                "max-rss": 2624864.094674575,
                "wall-time": 15.43051276925372,
                "size-file": 979625.7208394271,
                "size-text": 772913.2815844471,
                "size-data": 20961.02525149738,
                "size-bss": 43431.58309369507,
                "size-total": 1582237.1852955257
            }
        },
        "NewPM-ReleaseThinLTO": {
            "lencod": {
                "instructions": 143980316182,
                "instructions:u": 142312382782,
                "cycles": 89682207748,
                "task-clock": 24931.33999999999,
                "branches": 27794597265,
                "branch-misses": 619419147,
                "max-rss": 3730904,
                "wall-time": 15.409999999999998,
                "size-file": 1052776,
                "size-text": 976310,
                "size-data": 15140,
                "size-bss": 106056,
                "size-total": 1097506
            },
            "Bullet": {
                "instructions": 110308234187,
                "instructions:u": 106307563242,
                "cycles": 83426368145,
                "task-clock": 23196.23999999999,
                "branches": 21424348761,
                "branch-misses": 577517432,
                "max-rss": 8745148,
                "wall-time": 30.750000000000007,
                "size-file": 914968,
                "size-text": 394258,
                "size-data": 415224,
                "size-bss": 42336,
                "size-total": 851818
            },
            "mafft": {
                "instructions": 37979838472,
                "instructions:u": 37151684720,
                "cycles": 26563506218,
                "task-clock": 7385.01,
                "branches": 7376902126,