{
    "config": 5,
    "clang_size": {
        "size-file": 138271408,
        "size-text": 115454820,
        "size-data": 3645384,
        "size-bss": 596488,
        "size-total": 119696692,
        "wall-time": 15.138976097106934
    },
    "stage2": {
        "size-file": 129866976,
        "size-text": 108066300,
        "size-data": 3776848,
        "size-bss": 459506,
        "size-total": 112302654,
        "wall-time-full": 569.8841378688812,
        "max-rss": 2453708,
        "wall-time": 565.44,
        "instructions": 33456243780056,
        "instructions:u": 32855188928790,
        "cycles": 40174920753643,
        "task-clock": 8150920.88,
        "branches": 6392471596477,
        "branch-misses": 285258644449,
        "wall-time-sum": 7510.641
    },
    "data": {
        "stage1-O0-g": {
            "Bullet": {
                "instructions": 70065543624.5,
                "instructions:u": 65358184250.5,
                "cycles": 41152727282,
                "task-clock": 8152.97,
                "branches": 13311802281.5,
                "branch-misses": 267288704,
                "max-rss": 9525706,
                "wall-time": 8.17999999999999,
                "size-file": 5204744,
                "size-text": 1190840,
                "size-data": 772904,
                "size-bss": 45552,
                "size-total": 2009296
            },
            "7zip": {
                "instructions": 154429176427,
                "instructions:u": 144310194413.5,
                "cycles": 99873116081.5,
                "task-clock": 19705.829999999994,
                "branches": 29556512137.5,
                "branch-misses": 623628876.5,
                "max-rss": 17300278,
                "wall-time": 19.87000000000002,
                "size-file": 5756472,
                "size-text": 1321925,
                "size-data": 44840,
                "size-bss": 29408,
                "size-total": 1396173
            },
            "ClamAV": {
                "instructions": 16771285961,
                "instructions:u": 13874631931,
                "cycles": 10757464521.5,
                "task-clock": 2130.0850000000005,
                "branches": 3176543064,
                "branch-misses": 65512718,
                "max-rss": 6732460,
                "wall-time": 2.22,
                "size-file": 1746576,
                "size-text": 853111,
                "size-data": 68532,
                "size-bss": 4688,
                "size-total": 926331
            },
            "lencod": {
                "instructions": 14628890515,
                "instructions:u": 12931159483,
                "cycles": 8518502974,
                "task-clock": 1689.28,
                "branches": 2756905603.5,
                "branch-misses": 49832448.5,
                "max-rss": 3901244,
                "wall-time": 1.7500000000000007,
                "size-file": 2053560,
                "size-text": 876732,
                "size-data": 16688,
                "size-bss": 109376,
                "size-total": 1002796
            },
            "mafft": {
                "instructions": 7663065909,
                "instructions:u": 6839506753,
                "cycles": 4383132739.5,
                "task-clock": 869.5550000000001,
                "branches": 1460137509,
                "branch-misses": 25976909.5,
                "max-rss": 1934972,
                "wall-time": 0.8650000000000002,
                "size-file": 824936,
                "size-text": 406843,
                "size-data": 9005,
                "size-bss": 132727136,
                "size-total": 133142984
            },
            "consumer-typeset": {
                "instructions": 14239845891,
                "instructions:u": 12723254795,
                "cycles": 8036888619.5,
                "task-clock": 1593.3599999999997,
                "branches": 2696604987,
                "branch-misses": 43982952,
                "max-rss": 3637472,
                "wall-time": 1.6450000000000005,
                "size-file": 1656240,
                "size-text": 1033153,
                "size-data": 7816,
                "size-bss": 65232,
                "size-total": 1106201
            },
            "sqlite3": {
                "instructions": 5035705695.5,
                "instructions:u": 4852904650.5,
                "cycles": 3058325791,
                "task-clock": 604.54,
                "branches": 928834897.5,
                "branch-misses": 20082480.5,
                "max-rss": 261200,
                "wall-time": 0.6050000000000001,
                "size-file": 1006544,
                "size-text": 479907,
                "size-data": 6320,
                "size-bss": 664,
                "size-total": 486891
            },
            "kimwitu++": {
                "instructions": 26214303025,
                "instructions:u": 25190829197,
                "cycles": 18567635889.5,
                "task-clock": 3664.599999999999,
                "branches": 4955261214.5,
                "branch-misses": 123893590,
                "max-rss": 1447768,
                "wall-time": 3.675,
                "size-file": 4428088,
                "size-text": 1369652,
                "size-data": 80072,
                "size-bss": 12272,
                "size-total": 1461996
            },
            "SPASS": {
                "instructions": 16208426648.5,
                "instructions:u": 14626466426,
                "cycles": 9941579195.5,
                "task-clock": 1968.325000000001,
                "branches": 3075637995,
                "branch-misses": 61586160.5,
                "max-rss": 3575058,
                "wall-time": 2.015000000000001,
                "size-file": 1922536,
                "size-text": 865387,
                "size-data": 2792,
                "size-bss": 358648,
                "size-total": 1226827
            },
            "tramp3d-v4": {
                "instructions": 22048663476,
                "instructions:u": 21410166820.5,
                "cycles": 16454837528.5,
                "task-clock": 3213.815,
                "branches": 4126155790,
                "branch-misses": 100895788.5,
                "max-rss": 430012,
                "wall-time": 3.215,
                "size-file": 9692600,
                "size-text": 1335430,
                "size-data": 7976,
                "size-bss": 1544,
                "size-total": 1344950
            },
            "geomean": {
                "instructions": 20585628167.76804,
                "instructions:u": 18841187119.826443,
                "cycles": 12855182099.897873,
                "task-clock": 2541.0835330494588,
                "branches": 3889523226.0326633,
                "branch-misses": 79119564.51280916,
                "max-rss": 2659645.3574365056,
                "wall-time": 2.577503685538188,
                "size-file": 2562216.3363078716,
                "size-text": 906801.6329081316,
                "size-data": 22374.09840129762,
                "size-bss": 43941.02801710208,
                "size-total": 1842460.4217184219
            }
        },
        "stage2-O0-g": {
            "Bullet": {
                "instructions": 62013353389,
                "instructions:u": 57349275045,
                "cycles": 36751469545.5,
                "task-clock": 7273.170000000001,
                "branches": 11506765573.5,
                "branch-misses": 257241886,
                "max-rss": 9425482,
                "wall-time": 7.379999999999996,
                "size-file": 5204744,
                "size-text": 1190840,
                "size-data": 772904,
                "size-bss": 45552,
                "size-total": 2009296
            },
            "7zip": {
                "instructions": 138606816553,
                "instructions:u": 128553955576.5,
                "cycles": 89459076079,