{
    "config": 6,
    "clang_size": {
        "size-file": 155420656,
        "size-text": 131350962,
        "size-data": 2415996,
        "size-bss": 673237,
        "size-total": 134440195,
        "wall-time": 42.71124219894409
    },
    "stage2": {
        "size-file": 136143208,
        "size-text": 114544793,
        "size-data": 2313364,
        "size-bss": 506098,
        "size-total": 117364255,
        "wall-time-full": 626.9863488674164,
        "max-rss": 2434108,
        "wall-time": 622.38,
        "instructions": 36579415836677,
        "instructions:u": 35962139029223,
        "cycles": 43917404752058,
        "task-clock": 8904136.1,
        "branches": 6990436986691,
        "branch-misses": 314346661668,
        "wall-time-sum": 8165.766
    },
    "data": {
        "stage1-O0-g": {
            "Bullet": {
                "instructions": 70628111318,
                "instructions:u": 66124211857.5,
                "cycles": 41437606021.5,
                "task-clock": 8222.050000000001,
                "branches": 13308462883.5,
                "branch-misses": 275684000.5,
                "max-rss": 9900748,
                "wall-time": 8.269999999999992,
                "size-file": 5281832,
                "size-text": 1190872,
                "size-data": 772904,
                "size-bss": 45552,
                "size-total": 2009328
            },
            "7zip": {
                "instructions": 151856430802,
                "instructions:u": 142636810639,
                "cycles": 97457010038,
                "task-clock": 19296.819999999996,
                "branches": 29138566678.5,
                "branch-misses": 618353734,
                "max-rss": 17903190,
                "wall-time": 19.440000000000012,
                "size-file": 5873048,
                "size-text": 1321877,
                "size-data": 44840,
                "size-bss": 29408,
                "size-total": 1396125
            },
            "ClamAV": {
                "instructions": 16458684460.5,
                "instructions:u": 13757077929,
                "cycles": 10516374715.5,
                "task-clock": 2084.8299999999995,
                "branches": 3123315374.5,
                "branch-misses": 65911592,
                "max-rss": 6930552,
                "wall-time": 2.165,
                "size-file": 1772952,
                "size-text": 853191,
                "size-data": 68532,
                "size-bss": 4688,
                "size-total": 926411
            },
            "lencod": {
                "instructions": 14325981056.5,
                "instructions:u": 12743545597.5,
                "cycles": 8437621023.5,
                "task-clock": 1672.945,
                "branches": 2707987266.5,
                "branch-misses": 50858282.5,
                "max-rss": 4034014,
                "wall-time": 1.7500000000000009,
                "size-file": 2056528,
                "size-text": 876732,
                "size-data": 16688,
                "size-bss": 109376,
                "size-total": 1002796
            },
            "mafft": {
                "instructions": 7505140889,
                "instructions:u": 6727843553,
                "cycles": 4272270989,
                "task-clock": 847.945,
                "branches": 1430831828,
                "branch-misses": 26086658.5,
                "max-rss": 1991444,
                "wall-time": 0.8500000000000003,
                "size-file": 827456,
                "size-text": 406891,
                "size-data": 9005,
                "size-bss": 132727136,
                "size-total": 133143032
            },
            "consumer-typeset": {
                "instructions": 14031063721,
                "instructions:u": 12567914918.5,
                "cycles": 7985416359,
                "task-clock": 1587.3899999999999,
                "branches": 2674638397,
                "branch-misses": 44589109,
                "max-rss": 3746840,
                "wall-time": 1.635000000000001,
                "size-file": 1719416,
                "size-text": 1033137,
                "size-data": 7816,
                "size-bss": 65232,
                "size-total": 1106185
            },
            "sqlite3": {
                "instructions": 4770675991,
                "instructions:u": 4625371536,
                "cycles": 2932677094,
                "task-clock": 580.835,
                "branches": 888414748.5,
                "branch-misses": 20077048.5,
                "max-rss": 242126,
                "wall-time": 0.5750000000000001,
                "size-file": 1011160,
                "size-text": 479843,
                "size-data": 6320,
                "size-bss": 664,
                "size-total": 486827
            },
            "kimwitu++": {
                "instructions": 25756648867.5,
                "instructions:u": 24814396049,
                "cycles": 18385045526,
                "task-clock": 3640.235,
                "branches": 4889199154.5,
                "branch-misses": 126919433.5,
                "max-rss": 1469078,
                "wall-time": 3.65,
                "size-file": 4585560,
                "size-text": 1369652,
                "size-data": 80072,
                "size-bss": 12272,
                "size-total": 1461996
            },
            "SPASS": {
                "instructions": 15817367211,
                "instructions:u": 14359112352,
                "cycles": 9843818185,
                "task-clock": 1950.8700000000006,
                "branches": 2997789101,
                "branch-misses": 64259140,
                "max-rss": 3677180,
                "wall-time": 1.9800000000000006,
                "size-file": 1922768,
                "size-text": 865387,
                "size-data": 2792,
                "size-bss": 358648,
                "size-total": 1226827
            },
            "tramp3d-v4": {
                "instructions": 22016923587,
                "instructions:u": 21396273171.5,
                "cycles": 16482906165,
                "task-clock": 3226.895,
                "branches": 4158321168,
                "branch-misses": 105967531,
                "max-rss": 435768,
                "wall-time": 3.23,
                "size-file": 10277744,
                "size-text": 1335430,
                "size-data": 7976,
                "size-bss": 1544,
                "size-total": 1344950
            },
            "geomean": {
                "instructions": 20215011048.86269,
                "instructions:u": 18590299130.847973,
                "cycles": 12674115166.839895,
                "task-clock": 2509.727016577218,
                "branches": 3830261983.4003444,
                "branch-misses": 80574106.93622166,
                "max-rss": 2706321.207691368,
                "wall-time": 2.544170908832015,
                "size-file": 2611345.0162980296,
                "size-text": 906806.4797787279,
                "size-data": 22374.09840129762,
                "size-bss": 43941.02801710208,
                "size-total": 1842446.1142670664
            }
        },
        "stage1-aarch64-O0-g": {
            "Bullet": {
                "instructions": 76846675596,
                "instructions:u": 72477050787,
                "cycles": 44114298808,
                "task-clock": 8770.969999999998,
                "branches": 14611802614,
                "branch-misses": 291227356,
                "max-rss": 9658692,
                "wall-time": 8.879999999999999,
                "size-file": 5396008,
                "size-text": 1166872,
                "size-data": 773040,
                "size-bss": 45520,
                "size-total": 1985432
            },
            "7zip": {
                "instructions": 161503748628,
                "instructions:u": 152129424201,
                "cycles": 102393979638,
                "task-clock": 20302.49000000001,