{
    "config": 4,
    "clang_size": {
        "size-file": 125867328,
        "size-text": 104163331,
        "size-data": 3395224,
        "size-bss": 465352,
        "size-total": 108023907,
        "wall-time": 22.847801208496094
    },
    "stage2": {
        "size-file": 126347608,
        "size-text": 104144004,
        "size-data": 3512856,
        "size-bss": 345026,
        "size-total": 108001886,
        "wall-time-full": 528.2419030666351,
        "max-rss": 2595072,
        "wall-time": 523.3,
        "instructions": 31435305454822,
        "instructions:u": 30896009516978,
        "cycles": 36919693027801,
        "task-clock": 7402412.95,
        "branches": 6023809663990,
        "branch-misses": 265685940484,
        "wall-time-sum": 6714.107
    },
    "data": []
}