{
    "config": 3,
    "clang_size": {
        "size-text": 92673004,
        "size-data": 4266792,
        "size-bss": 319528,
        "size-total": 97259324,
        "wall-time": 42.082430839538574
    },
    "data": {
        "NewPM-O0-g": {
            "lencod": {
                "instructions": 15242144926,
                "instructions:u": 13767449196,
                "cycles": 10689841973,
                "task-clock": 2972.4600000000005,
                "branches": 2852946271,
                "branch-misses": 53742379,
                "max-rss": 3520160,
                "wall-time": 3.29,
                "size-file": 2104152,
                "size-text": 916867,
                "size-data": 16688,
                "size-bss": 109376,
                "size-total": 1042931
            },
            "Bullet": {
                "instructions": 70260576613,
                "instructions:u": 66248905784,
                "cycles": 52381306774,
                "task-clock": 14562.17,
                "branches": 13316811851,
                "branch-misses": 292770580,
                "max-rss": 8569384,
                "wall-time": 15.27,
                "size-file": 5263920,
                "size-text": 1229327,
                "size-data": 772904,
                "size-bss": 45552,
                "size-total": 2047783
            },
            "mafft": {
                "instructions": 7936291554,
                "instructions:u": 7200856342,
                "cycles": 5502411689,
                "task-clock": 1530.1900000000003,
                "branches": 1500079749,
                "branch-misses": 28330369,
                "max-rss": 1743284,
                "wall-time": 1.7000000000000004,
                "size-file": 854152,
                "size-text": 431690,
                "size-data": 9005,
                "size-bss": 132727136,
                "size-total": 133167831
            },
            "tramp3d-v4": {
                "instructions": 23139240346,
                "instructions:u": 22543014563,
                "cycles": 19887447222,
                "task-clock": 5528.9,
                "branches": 4320572855,
                "branch-misses": 106572295,
                "max-rss": 401892,
                "wall-time": 5.56,
                "size-file": 9694216,
                "size-text": 1351918,
                "size-data": 7968,
                "size-bss": 1544,
                "size-total": 1361430
            },
            "ClamAV": {
                "instructions": 17039018462,
                "instructions:u": 14590444476,
                "cycles": 12862413595,
                "task-clock": 3577.8199999999993,
                "branches": 3210982812,
                "branch-misses": 69359318,
                "max-rss": 6024848,
                "wall-time": 4.219999999999996,
                "size-file": 1814808,
                "size-text": 907863,
                "size-data": 68532,
                "size-bss": 4688,
                "size-total": 981083
            },
            "kimwitu++": {
                "instructions": 26650460431,
                "instructions:u": 25762379848,
                "cycles": 22698159321,
                "task-clock": 6309.99,
                "branches": 5078362098,
                "branch-misses": 135828794,
                "max-rss": 1306512,
                "wall-time": 6.4,
                "size-file": 4464960,
                "size-text": 1412124,
                "size-data": 80072,
                "size-bss": 12272,
                "size-total": 1504468
            },
            "sqlite3": {
                "instructions": 5538854423,
                "instructions:u": 5368045805,
                "cycles": 3970933343,
                "task-clock": 1104.21,
                "branches": 1017194183,
                "branch-misses": 21651213,
                "max-rss": 246132,
                "wall-time": 1.1300000000000001,
                "size-file": 1048048,
                "size-text": 514227,
                "size-data": 6320,
                "size-bss": 664,
                "size-total": 521211
            },
            "SPASS": {
                "instructions": 16559866989,
                "instructions:u": 15200912140,
                "cycles": 12689085643,
                "task-clock": 3528.09,
                "branches": 3122557592,
                "branch-misses": 70903202,
                "max-rss": 3222540,
                "wall-time": 3.8299999999999996,
                "size-file": 1966896,
                "size-text": 905615,
                "size-data": 2800,
                "size-bss": 358744,
                "size-total": 1267159
            },
            "7zip": {
                "instructions": 84184995018,
                "instructions:u": 77193956007,
                "cycles": 68399334393,
                "task-clock": 19018.24,
                "branches": 16217107060,
                "branch-misses": 389575969,
                "max-rss": 14424072,
                "wall-time": 20.259999999999994,
                "size-file": 5870472,
                "size-text": 1394085,
                "size-data": 44832,
                "size-bss": 29408,
                "size-total": 1468325
            },
            "consumer-typeset": {
                "instructions": 14829200456,
                "instructions:u": 13483950502,
                "cycles": 10236072656,
                "task-clock": 2846.7,
                "branches": 2789314104,
                "branch-misses": 49604062,
                "max-rss": 3298172,
                "wall-time": 3.1399999999999992,
                "size-file": 1725960,
                "size-text": 1085809,
                "size-data": 7816,
                "size-bss": 65232,
                "size-total": 1158857
            },
            "geomean": {
                "instructions": 19997251188.807175,
                "instructions:u": 18512152281.658745,
                "cycles": 15135964506.100704,
                "task-clock": 4208.6971174301725,
                "branches": 3767989044.2546616,
                "branch-misses": 81716451.83135825,
                "max-rss": 2397605.129317631,
                "wall-time": 4.516372329529703,
                "size-file": 2624791.928967009,
                "size-text": 949320.9008049807,
                "size-data": 22377.85598091198,
                "size-bss": 43942.20405340143,
                "size-total": 1908850.6863692019
            }
        }
    }
}