{
    "config": 6,
    "clang_size": {
        "size-file": 155425208,
        "size-text": 131354794,
        "size-data": 2415996,
        "size-bss": 673237,
        "size-total": 134444027,
        "wall-time": 42.3374879360199
    },
    "stage2": {
        "size-file": 136122328,
        "size-text": 114523329,
        "size-data": 2313364,
        "size-bss": 507090,
        "size-total": 117343783,
        "wall-time-full": 627.3605029582977,
        "max-rss": 2469376,
        "wall-time": 622.77,
        "instructions": 36575334019385,
        "instructions:u": 35958170655170,
        "cycles": 43975799826003,
        "task-clock": 8912525.28,
        "branches": 6990958812388,
        "branch-misses": 314279269029,
        "wall-time-sum": 8170.21
    },
    "data": {
        "stage1-O0-g": {
            "Bullet": {
                "instructions": 70680684965,
                "instructions:u": 66170280425,
                "cycles": 41698974048.5,
                "task-clock": 8277.650000000001,
                "branches": 13322629331,
                "branch-misses": 276534671.5,
                "max-rss": 9895888,
                "wall-time": 8.324999999999994,
                "size-file": 5281800,
                "size-text": 1190840,
                "size-data": 772904,
                "size-bss": 45552,
                "size-total": 2009296
            },
            "7zip": {
                "instructions": 151885626870,
                "instructions:u": 142660150149.5,
                "cycles": 97421372354,
                "task-clock": 19272.760000000002,
                "branches": 29146023501.5,
                "branch-misses": 621930714,
                "max-rss": 17901632,
                "wall-time": 19.44000000000001,
                "size-file": 5873056,
                "size-text": 1321909,
                "size-data": 44840,
                "size-bss": 29408,
                "size-total": 1396157
            },
            "ClamAV": {
                "instructions": 16459419082.5,
                "instructions:u": 13757854594.5,
                "cycles": 10522995315.5,
                "task-clock": 2084.475,
                "branches": 3123652477,
                "branch-misses": 66221211,
                "max-rss": 6925918,
                "wall-time": 2.16,
                "size-file": 1772952,
                "size-text": 853191,
                "size-data": 68532,
                "size-bss": 4688,
                "size-total": 926411
            },
            "lencod": {
                "instructions": 14324177715.5,
                "instructions:u": 12743649918.5,
                "cycles": 8466735091.5,
                "task-clock": 1678,
                "branches": 2707603656.5,
                "branch-misses": 50940037,
                "max-rss": 4034384,
                "wall-time": 1.7450000000000008,
                "size-file": 2056528,
                "size-text": 876732,
                "size-data": 16688,
                "size-bss": 109376,
                "size-total": 1002796
            },
            "mafft": {
                "instructions": 7504667935.5,
                "instructions:u": 6727624213,
                "cycles": 4300598909,
                "task-clock": 852.82,
                "branches": 1430617365,
                "branch-misses": 26147300,
                "max-rss": 1995412,
                "wall-time": 0.8550000000000003,
                "size-file": 827456,
                "size-text": 406891,
                "size-data": 9005,
                "size-bss": 132727136,
                "size-total": 133143032
            },
            "consumer-typeset": {
                "instructions": 14030827869.5,
                "instructions:u": 12567342761.5,
                "cycles": 7991382527,
                "task-clock": 1586.0600000000002,
                "branches": 2674507392,
                "branch-misses": 44618172,
                "max-rss": 3758214,
                "wall-time": 1.6550000000000007,
                "size-file": 1719424,
                "size-text": 1033153,
                "size-data": 7816,
                "size-bss": 65232,
                "size-total": 1106201
            },
            "sqlite3": {
                "instructions": 4773409677.5,
                "instructions:u": 4627870037,
                "cycles": 2952140564.5,
                "task-clock": 583.9200000000001,
                "branches": 889171156,
                "branch-misses": 20170114,
                "max-rss": 242286,
                "wall-time": 0.5800000000000001,
                "size-file": 1011160,
                "size-text": 479843,
                "size-data": 6320,
                "size-bss": 664,
                "size-total": 486827
            },
            "kimwitu++": {
                "instructions": 25758650109.5,
                "instructions:u": 24815118469.5,
                "cycles": 18402391857,
                "task-clock": 3642.005,
                "branches": 4890595028,
                "branch-misses": 126729412.5,
                "max-rss": 1468596,
                "wall-time": 3.665,
                "size-file": 4585560,
                "size-text": 1369652,
                "size-data": 80072,
                "size-bss": 12272,
                "size-total": 1461996
            },
            "SPASS": {
                "instructions": 15817174402.5,
                "instructions:u": 14359085008,
                "cycles": 9814805844.5,
                "task-clock": 1946.0600000000002,
                "branches": 2997953718,
                "branch-misses": 64170767.5,
                "max-rss": 3679888,
                "wall-time": 1.990000000000001,
                "size-file": 1922768,
                "size-text": 865387,
                "size-data": 2792,
                "size-bss": 358648,
                "size-total": 1226827
            },
            "tramp3d-v4": {
                "instructions": 22034005490,
                "instructions:u": 21412730790,
                "cycles": 16590056194.5,
                "task-clock": 3240.105,
                "branches": 4160867100,
                "branch-misses": 104977740,
                "max-rss": 434136,
                "wall-time": 3.245,
                "size-file": 10277744,
                "size-text": 1335430,
                "size-data": 7976,
                "size-bss": 1544,
                "size-total": 1344950
            },
            "geomean": {
                "instructions": 20219436939.842255,
                "instructions:u": 18594357284.549084,
                "cycles": 12710208353.55735,
                "task-clock": 2514.910770339939,
                "branches": 3831369334.6046004,
                "branch-misses": 80658600.43307373,
                "max-rss": 2706641.349512658,
                "wall-time": 2.5548555758763882,
                "size-file": 2611345.004902961,
                "size-text": 906807.6425751364,
                "size-data": 22374.09840129762,
                "size-bss": 43941.02801710208,
                "size-total": 1842450.0678831863
            }
        },
        "stage1-aarch64-O0-g": {
            "Bullet": {
                "instructions": 76833175798,
                "instructions:u": 72457539301,
                "cycles": 44298157530,
                "task-clock": 8785.799999999996,
                "branches": 14609137036,
                "branch-misses": 291879976,
                "max-rss": 9663396,
                "wall-time": 8.889999999999999,
                "size-file": 5396008,
                "size-text": 1166872,
                "size-data": 773040,
                "size-bss": 45520,
                "size-total": 1985432
            },
            "7zip": {
                "instructions": 161456286378,
                "instructions:u": 152080825492,
                "cycles": 102349919380,
                "task-clock": 20271.920000000016,