{
    "config": 4,
    "clang_size": {
        "size-file": 131112304,
        "size-text": 108523330,
        "size-data": 3496088,
        "size-bss": 540008,
        "size-total": 112559426,
        "wall-time": 15.842929124832153
    },
    "stage2": {
        "size-file": 130953376,
        "size-text": 107644399,
        "size-data": 3619096,
        "size-bss": 420282,
        "size-total": 111683777,
        "wall-time-full": 563.6916790008545,
        "max-rss": 2703988,
        "wall-time": 559.39,
        "instructions": 33443152923700,
        "instructions:u": 32873334320564,
        "cycles": 39694107197001,
        "task-clock": 7966979.19,
        "branches": 6405265881198,
        "branch-misses": 286742553775,
        "wall-time-sum": 7261.177
    },
    "data": []
}