{
    "config": 6,
    "clang_size": {
        "size-file": 150627376,
        "size-text": 127308664,
        "size-data": 2535068,
        "size-bss": 653621,
        "size-total": 130497353,
        "wall-time": 350.3209140300751
    },
    "stage2": {
        "size-file": 132238984,
        "size-text": 111494777,
        "size-data": 2459820,
        "size-bss": 488386,
        "size-total": 114442983,
        "wall-time-full": 600.699737071991,
        "max-rss": 2375092,
        "wall-time": 596.39,
        "instructions": 35117249493963,
        "instructions:u": 34527323358555,
        "cycles": 42076385911478,
        "task-clock": 8548975.18,
        "branches": 6708196560805,
        "branch-misses": 303699057747,
        "wall-time-sum": 7820.732
    },
    "data": []
}