{
    "config": 3,
    "clang_size": {
        "size-text": 92673364,
        "size-data": 4266792,
        "size-bss": 319528,
        "size-total": 97259684,
        "wall-time": 1498.850212097168
    },
    "data": {
        "NewPM-O0-g": {
            "lencod": {
                "instructions": 15235362134,
                "instructions:u": 13763384814,
                "cycles": 10384118166,
                "task-clock": 2887.4500000000003,
                "branches": 2851603784,
                "branch-misses": 53721001,
                "max-rss": 3514600,
                "wall-time": 3.2,
                "size-file": 2104152,
                "size-text": 916867,
                "size-data": 16688,
                "size-bss": 109376,
                "size-total": 1042931
            },
            "Bullet": {
                "instructions": 70291561597,
                "instructions:u": 66267704138,
                "cycles": 51478738027,
                "task-clock": 14311.93,
                "branches": 13322681236,
                "branch-misses": 292260116,
                "max-rss": 8572024,
                "wall-time": 15.029999999999998,
                "size-file": 5263920,
                "size-text": 1229327,
                "size-data": 772904,
                "size-bss": 45552,
                "size-total": 2047783
            },
            "mafft": {
                "instructions": 7933447015,
                "instructions:u": 7200373807,
                "cycles": 5388391712,
                "task-clock": 1498.2399999999998,
                "branches": 1499589002,
                "branch-misses": 28276514,
                "max-rss": 1745476,
                "wall-time": 1.6600000000000004,
                "size-file": 854152,
                "size-text": 431690,
                "size-data": 9005,
                "size-bss": 132727136,
                "size-total": 133167831
            },
            "tramp3d-v4": {
                "instructions": 23229997884,
                "instructions:u": 22634396507,
                "cycles": 19861682556,
                "task-clock": 5522.139999999999,
                "branches": 4342053696,
                "branch-misses": 105783210,
                "max-rss": 401872,
                "wall-time": 5.54,
                "size-file": 9694216,
                "size-text": 1351918,
                "size-data": 7968,
                "size-bss": 1544,
                "size-total": 1361430
            },
            "ClamAV": {
                "instructions": 17035557411,
                "instructions:u": 14588093441,
                "cycles": 12514838859,
                "task-clock": 3480.8299999999995,
                "branches": 3210184983,
                "branch-misses": 69263319,
                "max-rss": 6021728,
                "wall-time": 4.139999999999996,
                "size-file": 1814808,
                "size-text": 907863,
                "size-data": 68532,
                "size-bss": 4688,
                "size-total": 981083
            },
            "kimwitu++": {
                "instructions": 26656904927,
                "instructions:u": 25773842841,
                "cycles": 22373457943,
                "task-clock": 6219.579999999999,
                "branches": 5080536254,
                "branch-misses": 135719020,
                "max-rss": 1307988,
                "wall-time": 6.3100000000000005,
                "size-file": 4464960,
                "size-text": 1412124,
                "size-data": 80072,
                "size-bss": 12272,
                "size-total": 1504468
            },
            "sqlite3": {
                "instructions": 5523648671,
                "instructions:u": 5353742232,
                "cycles": 3935996879,
                "task-clock": 1094.4,
                "branches": 1014849759,
                "branch-misses": 21695780,
                "max-rss": 244992,
                "wall-time": 1.12,
                "size-file": 1048048,
                "size-text": 514227,
                "size-data": 6320,
                "size-bss": 664,
                "size-total": 521211
            },
            "SPASS": {
                "instructions": 16556124305,
                "instructions:u": 15194477352,
                "cycles": 12374951922,
                "task-clock": 3440.8899999999994,
                "branches": 3121441349,
                "branch-misses": 70818115,
                "max-rss": 3217872,
                "wall-time": 3.73,
                "size-file": 1966896,
                "size-text": 905615,
                "size-data": 2800,
                "size-bss": 358744,
                "size-total": 1267159
            },
            "7zip": {
                "instructions": 84182416210,
                "instructions:u": 77194325458,
                "cycles": 66965414344,
                "task-clock": 18619.63000000001,
                "branches": 16215367882,
                "branch-misses": 388346348,
                "max-rss": 14424840,
                "wall-time": 19.889999999999993,
                "size-file": 5870472,
                "size-text": 1394085,
                "size-data": 44832,
                "size-bss": 29408,
                "size-total": 1468325
            },
            "consumer-typeset": {
                "instructions": 14822813421,
                "instructions:u": 13482615090,
                "cycles": 10035133236,
                "task-clock": 2790.52,
                "branches": 2788188781,
                "branch-misses": 49494227,
                "max-rss": 3297596,
                "wall-time": 3.0799999999999996,
                "size-file": 1725960,
                "size-text": 1085809,
                "size-data": 7816,
                "size-bss": 65232,
                "size-total": 1158857
            },
            "geomean": {
                "instructions": 19997559127.359955,
                "instructions:u": 18514123605.681103,
                "cycles": 14857998330.847383,
                "task-clock": 4131.281999971009,
                "branches": 3768594225.01575,
                "branch-misses": 81567916.15522046,
                "max-rss": 2396246.5065915813,
                "wall-time": 4.436974028511335,
                "size-file": 2624791.928967009,
                "size-text": 949320.9008049807,
                "size-data": 22377.85598091198,
                "size-bss": 43942.20405340143,
                "size-total": 1908850.6863692019
            }
        }
    }
}