{
    "config": 3,
    "clang_size": {
        "size-text": 92676441,
        "size-data": 4266792,
        "size-bss": 319752,
        "size-total": 97262985,
        "wall-time": 41.63349795341492
    },
    "data": {
        "NewPM-O0-g": {
            "lencod": {
                "instructions": 15460149052,
                "instructions:u": 13978226144,
                "cycles": 10828364986,
                "task-clock": 3011.330000000001,
                "branches": 2896722774,
                "branch-misses": 53765909,
                "max-rss": 3521264,
                "wall-time": 3.2899999999999996,
                "size-file": 2104152,
                "size-text": 916867,
                "size-data": 16688,
                "size-bss": 109376,
                "size-total": 1042931
            },
            "Bullet": {
                "instructions": 70599904603,
                "instructions:u": 66573309368,
                "cycles": 52777106095,
                "task-clock": 14674.230000000007,
                "branches": 13386353450,
                "branch-misses": 292433456,
                "max-rss": 8576376,
                "wall-time": 15.419999999999998,
                "size-file": 5263920,
                "size-text": 1229327,
                "size-data": 772904,
                "size-bss": 45552,
                "size-total": 2047783
            },
            "mafft": {
                "instructions": 8043240999,
                "instructions:u": 7306126775,
                "cycles": 5558136273,
                "task-clock": 1545.6100000000001,
                "branches": 1521590263,
                "branch-misses": 28267408,
                "max-rss": 1742916,
                "wall-time": 1.7200000000000004,
                "size-file": 854152,
                "size-text": 431690,
                "size-data": 9005,
                "size-bss": 132727136,
                "size-total": 133167831
            },
            "tramp3d-v4": {
                "instructions": 23370311316,
                "instructions:u": 22770721212,
                "cycles": 20200234209,
                "task-clock": 5615.92,
                "branches": 4368117856,
                "branch-misses": 106505126,
                "max-rss": 406580,
                "wall-time": 5.64,
                "size-file": 9694216,
                "size-text": 1351918,
                "size-data": 7968,
                "size-bss": 1544,
                "size-total": 1361430
            },
            "ClamAV": {
                "instructions": 17218696373,
                "instructions:u": 14764901717,
                "cycles": 13040572456,
                "task-clock": 3627.4599999999987,
                "branches": 3247000606,
                "branch-misses": 69345112,
                "max-rss": 6026500,
                "wall-time": 4.229999999999996,
                "size-file": 1814808,
                "size-text": 907863,
                "size-data": 68532,
                "size-bss": 4688,
                "size-total": 981083
            },
            "kimwitu++": {
                "instructions": 26868154673,
                "instructions:u": 25980057249,
                "cycles": 22887758208,
                "task-clock": 6363.42,
                "branches": 5124137282,
                "branch-misses": 136034820,
                "max-rss": 1308432,
                "wall-time": 6.45,
                "size-file": 4464960,
                "size-text": 1412124,
                "size-data": 80072,
                "size-bss": 12272,
                "size-total": 1504468
            },
            "sqlite3": {
                "instructions": 5649011985,
                "instructions:u": 5474966227,
                "cycles": 4126605462,
                "task-clock": 1147.56,
                "branches": 1040213414,
                "branch-misses": 21765877,
                "max-rss": 248300,
                "wall-time": 1.1700000000000002,
                "size-file": 1048048,
                "size-text": 514227,
                "size-data": 6320,
                "size-bss": 664,
                "size-total": 521211
            },
            "SPASS": {
                "instructions": 16706486547,
                "instructions:u": 15341058533,
                "cycles": 12773005847,
                "task-clock": 3551.689999999999,
                "branches": 3152015525,
                "branch-misses": 70615239,
                "max-rss": 3222756,
                "wall-time": 3.8699999999999997,
                "size-file": 1966896,
                "size-text": 905615,
                "size-data": 2800,
                "size-bss": 358744,
                "size-total": 1267159
            },
            "7zip": {
                "instructions": 84502488850,
                "instructions:u": 77504957912,
                "cycles": 68842360140,
                "task-clock": 19144.75,
                "branches": 16281628198,
                "branch-misses": 389216736,
                "max-rss": 14405152,
                "wall-time": 20.389999999999997,
                "size-file": 5870472,
                "size-text": 1394085,
                "size-data": 44832,
                "size-bss": 29408,
                "size-total": 1468325
            },
            "consumer-typeset": {
                "instructions": 15082162745,
                "instructions:u": 13724463950,
                "cycles": 10365342095,
                "task-clock": 2883.059999999999,
                "branches": 2840507817,
                "branch-misses": 49617094,
                "max-rss": 3299124,
                "wall-time": 3.1999999999999993,
                "size-file": 1725960,
                "size-text": 1085809,
                "size-data": 7816,
                "size-bss": 65232,
                "size-total": 1158857
            },
            "geomean": {
                "instructions": 20218746270.904694,
                "instructions:u": 18727286343.456738,
                "cycles": 15337406981.219288,
                "task-clock": 4265.050285632928,
                "branches": 3813352069.342635,
                "branch-misses": 81702508.77024445,
                "max-rss": 2402902.6785154,
                "wall-time": 4.569252872612033,
                "size-file": 2624791.928967009,
                "size-text": 949320.9008049807,
                "size-data": 22377.85598091198,
                "size-bss": 43942.20405340143,
                "size-total": 1908850.6863692019
            }
        }
    }
}