{
    "config": 3,
    "clang_size": {
        "size-text": 98028913,
        "size-data": 2975976,
        "size-bss": 449904,
        "size-total": 101454793,
        "wall-time": 1039.7109379768372
    },
    "data": {
        "NewPM-O0-g": {
            "lencod": {
                "instructions": 15361932288,
                "instructions:u": 13960283137,
                "cycles": 10546609576,
                "task-clock": 2933.03,
                "branches": 2870183157,
                "branch-misses": 55126755,
                "max-rss": 3451976,
                "wall-time": 3.2399999999999998,
                "size-file": 2105224,
                "size-text": 916819,
                "size-data": 16688,
                "size-bss": 109376,
                "size-total": 1042883
            },
            "Bullet": {
                "instructions": 71107138926,
                "instructions:u": 67264279189,
                "cycles": 53028594506,
                "task-clock": 14744.089999999995,
                "branches": 13469847201,
                "branch-misses": 305699032,
                "max-rss": 8454204,
                "wall-time": 15.439999999999998,
                "size-file": 5260440,
                "size-text": 1228375,
                "size-data": 772904,
                "size-bss": 45552,
                "size-total": 2046831
            },
            "mafft": {
                "instructions": 7996860679,
                "instructions:u": 7296881152,
                "cycles": 5406019745,
                "task-clock": 1503.2700000000002,
                "branches": 1507881388,
                "branch-misses": 28910136,
                "max-rss": 1710364,
                "wall-time": 1.6700000000000004,
                "size-file": 854688,
                "size-text": 431690,
                "size-data": 9005,
                "size-bss": 132727136,
                "size-total": 133167831
            },
            "tramp3d-v4": {
                "instructions": 24332581926,
                "instructions:u": 23708763480,
                "cycles": 21391277605,
                "task-clock": 5947.91,
                "branches": 4554963850,
                "branch-misses": 115421766,
                "max-rss": 416460,
                "wall-time": 5.96,
                "size-file": 9751248,
                "size-text": 1355313,
                "size-data": 8032,
                "size-bss": 1544,
                "size-total": 1364889
            },
            "ClamAV": {
                "instructions": 16974686597,
                "instructions:u": 14656700080,
                "cycles": 12537543637,
                "task-clock": 3487.399999999999,
                "branches": 3188920302,
                "branch-misses": 71265936,
                "max-rss": 5906448,
                "wall-time": 4.099999999999997,
                "size-file": 1817216,
                "size-text": 907815,
                "size-data": 68532,
                "size-bss": 4688,
                "size-total": 981035
            },
            "kimwitu++": {
                "instructions": 27539978070,
                "instructions:u": 26666036078,
                "cycles": 23628705375,
                "task-clock": 6568.580000000001,
                "branches": 5255494874,
                "branch-misses": 145147805,
                "max-rss": 1305004,
                "wall-time": 6.670000000000002,
                "size-file": 4468240,
                "size-text": 1412260,
                "size-data": 80072,
                "size-bss": 12272,
                "size-total": 1504604
            },
            "sqlite3": {
                "instructions": 5683841578,
                "instructions:u": 5515118932,
                "cycles": 4133997114,
                "task-clock": 1149.48,
                "branches": 1047372704,
                "branch-misses": 22553431,
                "max-rss": 244604,
                "wall-time": 1.1700000000000002,
                "size-file": 1050144,
                "size-text": 514227,
                "size-data": 6320,
                "size-bss": 664,
                "size-total": 521211
            },
            "SPASS": {
                "instructions": 16799527681,
                "instructions:u": 15500985235,
                "cycles": 12742971501,
                "task-clock": 3543.309999999998,
                "branches": 3161022046,
                "branch-misses": 73478454,
                "max-rss": 3159116,
                "wall-time": 3.82,
                "size-file": 1972720,
                "size-text": 905615,
                "size-data": 2800,
                "size-bss": 358744,
                "size-total": 1267159
            },
            "7zip": {
                "instructions": 153093068382,
                "instructions:u": 145095919185,
                "cycles": 131651095319,
                "task-clock": 36598.28,
                "branches": 29532683707,
                "branch-misses": 756758892,
                "max-rss": 15441716,
                "wall-time": 37.80000000000001,
                "size-file": 5857872,
                "size-text": 1394093,
                "size-data": 44832,
                "size-bss": 29408,
                "size-total": 1468333
            },
            "consumer-typeset": {
                "instructions": 14971739972,
                "instructions:u": 13692428801,
                "cycles": 10157037255,
                "task-clock": 2824.3499999999995,
                "branches": 2806579820,
                "branch-misses": 51121793,
                "max-rss": 3253396,
                "wall-time": 3.09,
                "size-file": 1720632,
                "size-text": 1085777,
                "size-data": 7816,
                "size-bss": 65232,
                "size-total": 1158825
            },
            "geomean": {
                "instructions": 21564525026.906925,
                "instructions:u": 20103743909.014137,
                "cycles": 16331354743.571558,
                "task-clock": 4541.087679232442,
                "branches": 4061430974.8730435,
                "branch-misses": 90607115.50281256,
                "max-rss": 2395411.9826307376,
                "wall-time": 4.843690925652342,
                "size-file": 2626922.989415311,
                "size-text": 949482.3689944934,
                "size-data": 22395.765524076764,
                "size-bss": 43942.20405340143,
                "size-total": 1909241.2320390856
            }
        }
    }
}