{
    "config": 6,
    "clang_size": {
        "size-file": 155421016,
        "size-text": 131350527,
        "size-data": 2415836,
        "size-bss": 673237,
        "size-total": 134439600,
        "wall-time": 24.52245283126831
    },
    "stage2": {
        "size-file": 136156656,
        "size-text": 114555451,
        "size-data": 2313316,
        "size-bss": 503650,
        "size-total": 117372417,
        "wall-time-full": 627.6979629993439,
        "max-rss": 2449648,
        "wall-time": 623.11,
        "instructions": 36574981382160,
        "instructions:u": 35957610259412,
        "cycles": 44023144618071,
        "task-clock": 8920835.56,
        "branches": 6990906224621,
        "branch-misses": 313940087097,
        "wall-time-sum": 8183.857
    },
    "data": {
        "stage1-O0-g": {
            "Bullet": {
                "instructions": 70669631634,
                "instructions:u": 66158825762,
                "cycles": 41652085317.5,
                "task-clock": 8256.579999999998,
                "branches": 13320540355,
                "branch-misses": 276423366.5,
                "max-rss": 9886834,
                "wall-time": 8.294999999999991,
                "size-file": 5281800,
                "size-text": 1190840,
                "size-data": 772904,
                "size-bss": 45552,
                "size-total": 2009296
            },
            "7zip": {
                "instructions": 151905042146.5,
                "instructions:u": 142682396380,
                "cycles": 97305545593.5,
                "task-clock": 19239.51999999999,
                "branches": 29152139477,
                "branch-misses": 619774659,
                "max-rss": 17892952,
                "wall-time": 19.430000000000007,
                "size-file": 5873056,
                "size-text": 1321909,
                "size-data": 44840,
                "size-bss": 29408,
                "size-total": 1396157
            },
            "ClamAV": {
                "instructions": 16453156319.5,
                "instructions:u": 13755164518.5,
                "cycles": 10513636931.5,
                "task-clock": 2081.159999999999,
                "branches": 3122443715,
                "branch-misses": 65970309,
                "max-rss": 6939852,
                "wall-time": 2.1950000000000003,
                "size-file": 1772952,
                "size-text": 853191,
                "size-data": 68532,
                "size-bss": 4688,
                "size-total": 926411
            },
            "lencod": {
                "instructions": 14327153148.5,
                "instructions:u": 12744945318.5,
                "cycles": 8437307999.5,
                "task-clock": 1671.7949999999998,
                "branches": 2708268581,
                "branch-misses": 50844275,
                "max-rss": 4037514,
                "wall-time": 1.725000000000001,
                "size-file": 2056528,
                "size-text": 876732,
                "size-data": 16688,
                "size-bss": 109376,
                "size-total": 1002796
            },
            "mafft": {
                "instructions": 7505659509,
                "instructions:u": 6728646107.5,
                "cycles": 4292853058,
                "task-clock": 851.655,
                "branches": 1430936284,
                "branch-misses": 26071465,
                "max-rss": 1988144,
                "wall-time": 0.8600000000000004,
                "size-file": 827456,
                "size-text": 406891,
                "size-data": 9005,
                "size-bss": 132727136,
                "size-total": 133143032
            },
            "consumer-typeset": {
                "instructions": 14032390561.5,
                "instructions:u": 12567270068.5,
                "cycles": 7953013094.5,
                "task-clock": 1577.9100000000005,
                "branches": 2675079289,
                "branch-misses": 44551799,
                "max-rss": 3747336,
                "wall-time": 1.6050000000000009,
                "size-file": 1719424,
                "size-text": 1033153,
                "size-data": 7816,
                "size-bss": 65232,
                "size-total": 1106201
            },
            "sqlite3": {
                "instructions": 4777234131.5,
                "instructions:u": 4630470233.5,
                "cycles": 2961498336.5,
                "task-clock": 586.4749999999999,
                "branches": 890228491.5,
                "branch-misses": 20198285,
                "max-rss": 239546,
                "wall-time": 0.6000000000000001,
                "size-file": 1011160,
                "size-text": 479843,
                "size-data": 6320,
                "size-bss": 664,
                "size-total": 486827
            },
            "kimwitu++": {
                "instructions": 25760948818.5,
                "instructions:u": 24814999756,
                "cycles": 18323585170,
                "task-clock": 3619.1100000000006,
                "branches": 4891138172.5,
                "branch-misses": 126443735,
                "max-rss": 1461162,
                "wall-time": 3.64,
                "size-file": 4585560,
                "size-text": 1369652,
                "size-data": 80072,
                "size-bss": 12272,
                "size-total": 1461996
            },
            "SPASS": {
                "instructions": 15818971320,
                "instructions:u": 14360788243.5,
                "cycles": 9810729715,
                "task-clock": 1941.4349999999995,
                "branches": 2998084473,
                "branch-misses": 64072182,
                "max-rss": 3674250,
                "wall-time": 1.975000000000001,
                "size-file": 1922768,
                "size-text": 865387,
                "size-data": 2792,
                "size-bss": 358648,
                "size-total": 1226827
            },
            "tramp3d-v4": {
                "instructions": 22019559410,
                "instructions:u": 21398421611,
                "cycles": 16491162962,
                "task-clock": 3218.4700000000003,
                "branches": 4159394933.5,
                "branch-misses": 105016943.5,
                "max-rss": 434388,
                "wall-time": 3.225,
                "size-file": 10277744,
                "size-text": 1335430,
                "size-data": 7976,
                "size-bss": 1544,
                "size-total": 1344950
            },
            "geomean": {
                "instructions": 20220225340.26284,
                "instructions:u": 18594435462.261433,
                "cycles": 12683769699.761396,
                "task-clock": 2508.102294309997,
                "branches": 3831881786.039353,
                "branch-misses": 80529880.11283924,
                "max-rss": 2700541.0150253563,
                "wall-time": 2.5520170735872756,
                "size-file": 2611345.004902961,
                "size-text": 906807.6425751364,
                "size-data": 22374.09840129762,
                "size-bss": 43941.02801710208,
                "size-total": 1842450.0678831863
            }
        },
        "stage1-aarch64-O0-g": {
            "Bullet": {
                "instructions": 76855727973,
                "instructions:u": 72474594310,
                "cycles": 44273492184,
                "task-clock": 8795.030000000002,
                "branches": 14613966886,
                "branch-misses": 291377778,
                "max-rss": 9668048,
                "wall-time": 8.88,
                "size-file": 5396008,
                "size-text": 1166872,
                "size-data": 773040,
                "size-bss": 45520,
                "size-total": 1985432
            },
            "7zip": {
                "instructions": 161536726940,
                "instructions:u": 152164147066,
                "cycles": 101918201729,