{
    "config": 5,
    "clang_size": {
        "size-file": 138271408,
        "size-text": 115454820,
        "size-data": 3645384,
        "size-bss": 596488,
        "size-total": 119696692,
        "wall-time": 15.310902833938599
    },
    "stage2": {
        "size-file": 129866976,
        "size-text": 108066300,
        "size-data": 3776848,
        "size-bss": 459506,
        "size-total": 112302654,
        "wall-time-full": 568.629105091095,
        "max-rss": 2355996,
        "wall-time": 564.21,
        "instructions": 33454563655646,
        "instructions:u": 32854294473574,
        "cycles": 40101735273146,
        "task-clock": 8134090.3,
        "branches": 6392089399218,
        "branch-misses": 285517729711,
        "wall-time-sum": 7486.734
    },
    "data": {
        "stage1-O0-g": {
            "Bullet": {
                "instructions": 70091120079.5,
                "instructions:u": 65377806385.5,
                "cycles": 41086474908,
                "task-clock": 8144.204999999997,
                "branches": 13316859931,
                "branch-misses": 267415874.5,
                "max-rss": 9521820,
                "wall-time": 8.189999999999992,
                "size-file": 5204744,
                "size-text": 1190840,
                "size-data": 772904,
                "size-bss": 45552,
                "size-total": 2009296
            },
            "7zip": {
                "instructions": 154445362114.5,
                "instructions:u": 144320266371.5,
                "cycles": 99445485469,
                "task-clock": 19636.100000000006,
                "branches": 29559865418,
                "branch-misses": 624038051,
                "max-rss": 17292620,
                "wall-time": 19.77000000000002,
                "size-file": 5756472,
                "size-text": 1321925,
                "size-data": 44840,
                "size-bss": 29408,
                "size-total": 1396173
            },
            "ClamAV": {
                "instructions": 16773825565.5,
                "instructions:u": 13875684420.5,
                "cycles": 10733191937,
                "task-clock": 2124.790000000001,
                "branches": 3176967242,
                "branch-misses": 65406164.5,
                "max-rss": 6717438,
                "wall-time": 2.2,
                "size-file": 1746576,
                "size-text": 853111,
                "size-data": 68532,
                "size-bss": 4688,
                "size-total": 926331
            },
            "lencod": {
                "instructions": 14628441070.5,
                "instructions:u": 12931178359,
                "cycles": 8479597627.5,
                "task-clock": 1679.5499999999995,
                "branches": 2756657043,
                "branch-misses": 49831113.5,
                "max-rss": 3903612,
                "wall-time": 1.735000000000001,
                "size-file": 2053560,
                "size-text": 876732,
                "size-data": 16688,
                "size-bss": 109376,
                "size-total": 1002796
            },
            "mafft": {
                "instructions": 7664492845,
                "instructions:u": 6840215246.5,
                "cycles": 4389717180.5,
                "task-clock": 868.26,
                "branches": 1460497673.5,
                "branch-misses": 25972932.5,
                "max-rss": 1933634,
                "wall-time": 0.9050000000000004,
                "size-file": 824936,
                "size-text": 406843,
                "size-data": 9005,
                "size-bss": 132727136,
                "size-total": 133142984
            },
            "consumer-typeset": {
                "instructions": 14250302487.5,
                "instructions:u": 12724280797.5,
                "cycles": 7959956630.5,
                "task-clock": 1577.8900000000003,
                "branches": 2698659318,
                "branch-misses": 44035092,
                "max-rss": 3623844,
                "wall-time": 1.620000000000001,
                "size-file": 1656240,
                "size-text": 1033153,
                "size-data": 7816,
                "size-bss": 65232,
                "size-total": 1106201
            },
            "sqlite3": {
                "instructions": 5035569243,
                "instructions:u": 4853163075.5,
                "cycles": 3060225497,
                "task-clock": 604.63,
                "branches": 928607296,
                "branch-misses": 20043745,
                "max-rss": 263284,
                "wall-time": 0.6050000000000001,
                "size-file": 1006544,
                "size-text": 479907,
                "size-data": 6320,
                "size-bss": 664,
                "size-total": 486891
            },
            "kimwitu++": {
                "instructions": 26227747584.5,
                "instructions:u": 25201405657.5,
                "cycles": 18544794970.5,
                "task-clock": 3664.54,
                "branches": 4958263563.5,
                "branch-misses": 123562155,
                "max-rss": 1443376,
                "wall-time": 3.685,
                "size-file": 4428088,
                "size-text": 1369652,
                "size-data": 80072,
                "size-bss": 12272,
                "size-total": 1461996
            },
            "SPASS": {
                "instructions": 16212739176.5,
                "instructions:u": 14625975007.5,
                "cycles": 9897676965,
                "task-clock": 1958.2900000000002,
                "branches": 3076605131.5,
                "branch-misses": 61629238.5,
                "max-rss": 3560690,
                "wall-time": 1.9950000000000008,
                "size-file": 1922536,
                "size-text": 865387,
                "size-data": 2792,
                "size-bss": 358648,
                "size-total": 1226827
            },
            "tramp3d-v4": {
                "instructions": 22040765185,
                "instructions:u": 21403551405.5,
                "cycles": 16483487988,
                "task-clock": 3216.3399999999997,
                "branches": 4124682944.5,
                "branch-misses": 99795825.5,
                "max-rss": 429456,
                "wall-time": 3.215,
                "size-file": 9692600,
                "size-text": 1335430,
                "size-data": 7976,
                "size-bss": 1544,
                "size-total": 1344950
            },
            "geomean": {
                "instructions": 20589548241.551476,
                "instructions:u": 18842622664.455524,
                "cycles": 12824171560.213245,
                "task-clock": 2533.8958003351913,
                "branches": 3890247857.8955326,
                "branch-misses": 79006003.64783059,
                "max-rss": 2657695.1452875896,
                "wall-time": 2.577800519583656,
                "size-file": 2562216.3363078716,
                "size-text": 906801.6329081316,
                "size-data": 22374.09840129762,
                "size-bss": 43941.02801710208,
                "size-total": 1842460.4217184219
            }
        },
        "stage2-O0-g": {
            "Bullet": {
                "instructions": 62028719206.5,
                "instructions:u": 57348560354,
                "cycles": 37258916717,
                "task-clock": 7374.205000000001,
                "branches": 11510226309.5,
                "branch-misses": 257374096.5,
                "max-rss": 9405630,
                "wall-time": 7.474999999999995,
                "size-file": 5204744,
                "size-text": 1190840,
                "size-data": 772904,
                "size-bss": 45552,
                "size-total": 2009296
            },
            "7zip": {
                "instructions": 138710808668.5,
                "instructions:u": 128636838020.5,
                "cycles": 90753006082.5,